content_id,content_type,language,genre,run_time
CJSMENACT08eef,Movie,English,Action,120
CJSMENACT0b071,Movie,English,Action,120
CJSMENACT0d817,Movie,English,Action,120
CJSMENACT0dc6b,Movie,English,Action,120
CJSMENACT0ff71,Movie,English,Action,120
CJSMENACT10b2a,Movie,English,Action,120
CJSMENACT1e511,Movie,English,Action,120
CJSMENACT2f1dc,Movie,English,Action,120
CJSMENACT2fa29,Movie,English,Action,120
CJSMENACT36b0b,Movie,English,Action,120
CJSMENACT449c7,Movie,English,Action,120
CJSMENACT450a6,Movie,English,Action,120
CJSMENACT4c979,Movie,English,Action,120
CJSMENACT4e92d,Movie,English,Action,120
CJSMENACT55478,Movie,English,Action,120
CJSMENACT59fc8,Movie,English,Action,120
CJSMENACT617c3,Movie,English,Action,120
CJSMENACT6f7a3,Movie,English,Action,120
CJSMENACT78192,Movie,English,Action,120
CJSMENACT79e21,Movie,English,Action,120
CJSMENACT7a8f6,Movie,English,Action,120
CJSMENACT87faf,Movie,English,Action,120
CJSMENACT8fbf1,Movie,English,Action,120
CJSMENACT981b6,Movie,English,Action,120
CJSMENACT9b237,Movie,English,Action,120
CJSMENACTa1eb0,Movie,English,Action,120
CJSMENACTa83e1,Movie,English,Action,120
CJSMENACTb6d05,Movie,English,Action,120
CJSMENACTb78fe,Movie,English,Action,120
CJSMENACTb894e,Movie,English,Action,120
CJSMENACTc6210,Movie,English,Action,120
CJSMENACTc9bd4,Movie,English,Action,120
CJSMENACTd55bd,Movie,English,Action,120
CJSMENACTde257,Movie,English,Action,120
CJSMENACTe0699,Movie,English,Action,120
CJSMENACTe325c,Movie,English,Action,120
CJSMENACTe3263,Movie,English,Action,120
CJSMENACTe611b,Movie,English,Action,120
CJSMENACTe775e,Movie,English,Action,120
CJSMENACTeb580,Movie,English,Action,120
CJSMENACTed905,Movie,English,Action,120
CJSMENACTf9107,Movie,English,Action,120
CJSMENACTf9f68,Movie,English,Action,120
CJSMENADV017d8,Movie,English,Adventure,120
CJSMENADV08f21,Movie,English,Adventure,120
CJSMENADV21fd1,Movie,English,Adventure,120
CJSMENADV42c46,Movie,English,Adventure,120
CJSMENADV456e0,Movie,English,Adventure,120
CJSMENADV50371,Movie,English,Adventure,120
CJSMENADV52832,Movie,English,Adventure,120
CJSMENADV5e402,Movie,English,Adventure,120
CJSMENADV6b20d,Movie,English,Adventure,120
CJSMENADV8362a,Movie,English,Adventure,120
CJSMENADV94b3b,Movie,English,Adventure,120
CJSMENADV99fc6,Movie,English,Adventure,120
CJSMENADV9dbef,Movie,English,Adventure,120
CJSMENADVa2fca,Movie,English,Adventure,120
CJSMENADVac514,Movie,English,Adventure,120
CJSMENADVb966a,Movie,English,Adventure,120
CJSMENADVcf4c2,Movie,English,Adventure,120
CJSMENADVd512d,Movie,English,Adventure,120
CJSMENADVeb129,Movie,English,Adventure,120
CJSMENADVebbed,Movie,English,Adventure,120
CJSMENADVf7a07,Movie,English,Adventure,120
CJSMENADVf9b51,Movie,English,Adventure,120
CJSMENCOM04521,Movie,English,Comedy,120
CJSMENCOM3c1d3,Movie,English,Comedy,120
CJSMENCOMb4259,Movie,English,Comedy,120
CJSMENDRA00d25,Movie,English,Drama,120
CJSMENDRA0c6ef,Movie,English,Drama,120
CJSMENDRA2ec0c,Movie,English,Drama,120
CJSMENDRA607a4,Movie,English,Drama,120
CJSMENDRA6c3d7,Movie,English,Drama,120
CJSMENDRA8a710,Movie,English,Drama,120
CJSMENDRAb387c,Movie,English,Drama,120
CJSMENDRAb9f1c,Movie,English,Drama,120
CJSMENDRAc9a70,Movie,English,Drama,120
CJSMENDRAd219d,Movie,English,Drama,120
CJSMENDRAf1d44,Movie,English,Drama,120
CJSMENDRAf3d19,Movie,English,Drama,120
CJSMENDRAfa503,Movie,English,Drama,120
CJSMENFAN03713,Movie,English,Fantasy,120
CJSMENFAN09e23,Movie,English,Fantasy,120
CJSMENFAN2e6fc,Movie,English,Fantasy,120
CJSMENFAN30d20,Movie,English,Fantasy,120
CJSMENFAN32242,Movie,English,Fantasy,120
CJSMENFAN3b878,Movie,English,Fantasy,120
CJSMENFAN4bcd7,Movie,English,Fantasy,120
CJSMENFAN4e121,Movie,English,Fantasy,120
CJSMENFAN4ea68,Movie,English,Fantasy,120
CJSMENFAN522c6,Movie,English,Fantasy,120
CJSMENFAN59aa3,Movie,English,Fantasy,120
CJSMENFAN7e75f,Movie,English,Fantasy,120
CJSMENFAN9065d,Movie,English,Fantasy,120
CJSMENFAN92d40,Movie,English,Fantasy,120
CJSMENFAN9c576,Movie,English,Fantasy,120
CJSMENFANa76bf,Movie,English,Fantasy,120
CJSMENFANc4909,Movie,English,Fantasy,120
CJSMENFANcab6f,Movie,English,Fantasy,120
CJSMENFANd21f8,Movie,English,Fantasy,120
CJSMENFANde88e,Movie,English,Fantasy,120
CJSMENFANf298a,Movie,English,Fantasy,120
CJSMENFANf2ca4,Movie,English,Fantasy,120
CJSMENFANf9e15,Movie,English,Fantasy,120
CJSMENROM35b0d,Movie,English,Romance,120
CJSMENROMe3de7,Movie,English,Romance,120
CJSMENROMf3588,Movie,English,Romance,120
CJSMENROMf4fc8,Movie,English,Romance,120
CJSMENSCI21cc2,Movie,English,Sci-Fi,120
CJSMENSCI2b710,Movie,English,Sci-Fi,120
CJSMENSCI4f063,Movie,English,Sci-Fi,120
CJSMENSCI76b6f,Movie,English,Sci-Fi,120
CJSMENSCI79392,Movie,English,Sci-Fi,120
CJSMENSCI7f723,Movie,English,Sci-Fi,120
CJSMENSCI80d0a,Movie,English,Sci-Fi,120
CJSMENSCI90f99,Movie,English,Sci-Fi,120
CJSMENSCI9af6c,Movie,English,Sci-Fi,120
CJSMENSCI9f4eb,Movie,English,Sci-Fi,120
CJSMENSCIab253,Movie,English,Sci-Fi,120
CJSMENSCIf5343,Movie,English,Sci-Fi,120
CJSMENTHR28be9,Movie,English,Thriller,120
CJSMENTHR2ff58,Movie,English,Thriller,120
CJSMENTHR3428f,Movie,English,Thriller,120
CJSMENTHR34f5a,Movie,English,Thriller,120
CJSMENTHR35d21,Movie,English,Thriller,120
CJSMENTHR4af6d,Movie,English,Thriller,120
CJSMENTHR4c38f,Movie,English,Thriller,120
CJSMENTHR5526b,Movie,English,Thriller,120
CJSMENTHR5e173,Movie,English,Thriller,120
CJSMENTHR7e3d4,Movie,English,Thriller,120
CJSMENTHR81afa,Movie,English,Thriller,120
CJSMENTHR8f540,Movie,English,Thriller,120
CJSMENTHR97378,Movie,English,Thriller,120
CJSMENTHR97c87,Movie,English,Thriller,120
CJSMENTHR9807b,Movie,English,Thriller,120
CJSMENTHR9f64d,Movie,English,Thriller,120
CJSMENTHRa14e5,Movie,English,Thriller,120
CJSMENTHRa3289,Movie,English,Thriller,120
CJSMENTHRa5aa8,Movie,English,Thriller,120
CJSMENTHRa9288,Movie,English,Thriller,120
CJSMENTHRaa562,Movie,English,Thriller,120
CJSMENTHRad02a,Movie,English,Thriller,120
CJSMENTHRb6555,Movie,English,Thriller,120
CJSMENTHRbc54a,Movie,English,Thriller,120
CJSMENTHRbce18,Movie,English,Thriller,120
CJSMENTHRd3f09,Movie,English,Thriller,120
CJSMENTHRd6722,Movie,English,Thriller,120
CJSMENTHRdf73a,Movie,English,Thriller,120
CJSMENTHRe3be6,Movie,English,Thriller,120
CJSMENTHRe4eb6,Movie,English,Thriller,120
CJSMENTHRf1007,Movie,English,Thriller,120
CJSMENTHRf41a7,Movie,English,Thriller,120
CJSSPENLIV10498,Sports,English,Live Matches,120
CJSSPENLIV13597,Sports,English,Live Matches,120
CJSSPENLIV1ad9d,Sports,English,Live Matches,120
CJSSPENLIV1f78a,Sports,English,Live Matches,120
CJSSPENLIV2024a,Sports,English,Live Matches,120
CJSSPENLIV2ae63,Sports,English,Live Matches,120
CJSSPENLIV2eff2,Sports,English,Live Matches,120
CJSSPENLIV3034f,Sports,English,Live Matches,120
CJSSPENLIV31d42,Sports,English,Live Matches,120
CJSSPENLIV3b557,Sports,English,Live Matches,120
CJSSPENLIV4060a,Sports,English,Live Matches,120
CJSSPENLIV41ded,Sports,English,Live Matches,120
CJSSPENLIV590cd,Sports,English,Live Matches,120
CJSSPENLIV60993,Sports,English,Live Matches,120
CJSSPENLIV69c0b,Sports,English,Live Matches,120
CJSSPENLIV7a8fd,Sports,English,Live Matches,120
CJSSPENLIV7b30c,Sports,English,Live Matches,120
CJSSPENLIV9046a,Sports,English,Live Matches,120
CJSSPENLIV920d0,Sports,English,Live Matches,120
CJSSPENLIVa2ec5,Sports,English,Live Matches,120
CJSSPENLIVb0d5b,Sports,English,Live Matches,120
CJSSPENLIVb42fd,Sports,English,Live Matches,120
CJSSPENLIVb63b3,Sports,English,Live Matches,120
CJSSPENLIVbda27,Sports,English,Live Matches,120
CJSSPENLIVbf447,Sports,English,Live Matches,120
CJSSPENLIVc39ae,Sports,English,Live Matches,120
CJSSPENLIVd7848,Sports,English,Live Matches,120
CJSSPENLIVd8671,Sports,English,Live Matches,120
CJSSPENLIVd8e2e,Sports,English,Live Matches,120
CJSSPENLIVe2006,Sports,English,Live Matches,120
CJSSPENLIVe3ebf,Sports,English,Live Matches,120
CJSSPENLIVe95ba,Sports,English,Live Matches,120
CJSSPENLIVec9fe,Sports,English,Live Matches,120
CJSSPENLIVf0174,Sports,English,Live Matches,120
CJSSPENLIVfac93,Sports,English,Live Matches,120
CJSSPENDOC10bb6,Sports,English,Documentaries,60
CJSSPENDOC1bcbd,Sports,English,Documentaries,60
CJSSPENDOC3614c,Sports,English,Documentaries,90
CJSSPENDOC46f85,Sports,English,Documentaries,90
CJSSPENDOC565e8,Sports,English,Documentaries,60
CJSSPENDOC67619,Sports,English,Documentaries,30
CJSSPENDOCf78ab,Sports,English,Documentaries,30
CJSSPENHIG082ac,Sports,English,Highlights,15
CJSSPENHIG189c2,Sports,English,Highlights,20
CJSSPENHIG29c66,Sports,English,Highlights,10
CJSSPENHIG2c1c6,Sports,English,Highlights,5
CJSSPENHIG35113,Sports,English,Highlights,30
CJSSPENHIG38f11,Sports,English,Highlights,30
CJSSPENHIG429b3,Sports,English,Highlights,15
CJSSPENHIG5c5da,Sports,English,Highlights,10
CJSSPENHIG6d07f,Sports,English,Highlights,5
CJSSPENHIG6fc33,Sports,English,Highlights,15
CJSSPENHIG788ae,Sports,English,Highlights,15
CJSSPENHIG7c7a2,Sports,English,Highlights,5
CJSSPENHIG7ff49,Sports,English,Highlights,15
CJSSPENHIG8344f,Sports,English,Highlights,30
CJSSPENHIG91d7e,Sports,English,Highlights,15
CJSSPENHIG95254,Sports,English,Highlights,15
CJSSPENHIG9850b,Sports,English,Highlights,20
CJSSPENHIG9fa6b,Sports,English,Highlights,10
CJSSPENHIGa8b23,Sports,English,Highlights,15
CJSSPENHIGaec8d,Sports,English,Highlights,10
CJSSPENHIGc3cb1,Sports,English,Highlights,20
CJSSPENHIGc3f2f,Sports,English,Highlights,15
CJSSPENHIGcfb5d,Sports,English,Highlights,15
CJSSPENHIGd4c2b,Sports,English,Highlights,20
CJSSPENHIGe114b,Sports,English,Highlights,5
CJSSPENHIGe94f9,Sports,English,Highlights,10
CJSSPENHIGeafac,Sports,English,Highlights,20
CJSSPENHIGf46ce,Sports,English,Highlights,15
CJSSPENLIV01528,Sports,English,Live Matches,300
CJSSPENLIV0c94f,Sports,English,Live Matches,240
CJSSPENLIV14624,Sports,English,Live Matches,180
CJSSPENLIV14718,Sports,English,Live Matches,180
CJSSPENLIV1472c,Sports,English,Live Matches,90
CJSSPENLIV17d55,Sports,English,Live Matches,90
CJSSPENLIV1b27c,Sports,English,Live Matches,300
CJSSPENLIV371a7,Sports,English,Live Matches,90
CJSSPENLIV44248,Sports,English,Live Matches,90
CJSSPENLIV4ce78,Sports,English,Live Matches,180
CJSSPENLIV5aa12,Sports,English,Live Matches,90
CJSSPENLIV5e80d,Sports,English,Live Matches,180
CJSSPENLIV5ec59,Sports,English,Live Matches,90
CJSSPENLIV6e336,Sports,English,Live Matches,180
CJSSPENLIV704ce,Sports,English,Live Matches,180
CJSSPENLIV7365e,Sports,English,Live Matches,90
CJSSPENLIV83acc,Sports,English,Live Matches,180
CJSSPENLIV858aa,Sports,English,Live Matches,90
CJSSPENLIV8ab7f,Sports,English,Live Matches,90
CJSSPENLIV98b7a,Sports,English,Live Matches,90
CJSSPENLIVa2c2d,Sports,English,Live Matches,90
CJSSPENLIVb921a,Sports,English,Live Matches,90
CJSSPENLIVbb418,Sports,English,Live Matches,240
CJSSPENLIVbd80e,Sports,English,Live Matches,180
CJSSPENLIVcaa16,Sports,English,Live Matches,240
CJSSPENLIVcb05e,Sports,English,Live Matches,90
CJSSPENLIVd4fae,Sports,English,Live Matches,300
CJSSPENLIVdde08,Sports,English,Live Matches,90
CJSSPENLIVdfa9f,Sports,English,Live Matches,90
CJSSPENLIVe919b,Sports,English,Live Matches,90
CJSSPENLIVefb2f,Sports,English,Live Matches,180
CJSSPENLIVf0d9d,Sports,English,Live Matches,300
CJSSPENLIVf2f98,Sports,English,Live Matches,180
CJSSPENLIVf808d,Sports,English,Live Matches,180
CJSSPENLIVfc74f,Sports,English,Live Matches,180
CJSSPENLIVfe54b,Sports,English,Live Matches,90
CJSMENACT0874b,Movie,English,Action,150
CJSMENACT1f1b5,Movie,English,Action,150
CJSMENACT425fd,Movie,English,Action,150
CJSMENACT5217b,Movie,English,Action,150
CJSMENACT53408,Movie,English,Action,150
CJSMENACT5408a,Movie,English,Action,150
CJSMENACT59bca,Movie,English,Action,180
CJSMENACT5e7db,Movie,English,Action,150
CJSMENACT6a6db,Movie,English,Action,180
CJSMENACT7a2d2,Movie,English,Action,180
CJSMENACT8dae6,Movie,English,Action,180
CJSMENACT93126,Movie,English,Action,150
CJSMENACT960e8,Movie,English,Action,150
CJSMENACT978b5,Movie,English,Action,150
CJSMENADV33868,Movie,English,Adventure,150
CJSMENADV4d93b,Movie,English,Adventure,180
CJSMENADV70383,Movie,English,Adventure,150
CJSMENADV9f0d0,Movie,English,Adventure,150
CJSMENADVa9ca9,Movie,English,Adventure,150
CJSMENADVc8c1e,Movie,English,Adventure,150
CJSMENADVcb7ae,Movie,English,Adventure,180
CJSMENADVd475f,Movie,English,Adventure,150
CJSMENADVd735b,Movie,English,Adventure,150
CJSMENADVec1dd,Movie,English,Adventure,180
CJSMENCOM4aba9,Movie,English,Comedy,150
CJSMENCOMe4270,Movie,English,Comedy,150
CJSMENDRA310fe,Movie,English,Drama,150
CJSMENDRA734ad,Movie,English,Drama,150
CJSMENDRA7f1cf,Movie,English,Drama,150
CJSMENDRAa045a,Movie,English,Drama,150
CJSMENDRAaad98,Movie,English,Drama,180
CJSMENFAN14b0c,Movie,English,Fantasy,150
CJSMENFAN217c3,Movie,English,Fantasy,150
CJSMENFAN4cffb,Movie,English,Fantasy,150
CJSMENFAN5fdab,Movie,English,Fantasy,150
CJSMENFAN9b1f8,Movie,English,Fantasy,150
CJSMENFANc2481,Movie,English,Fantasy,150
CJSMENROM3223b,Movie,English,Romance,150
CJSMENROM8b544,Movie,English,Romance,150
CJSMENROMe8b38,Movie,English,Romance,150
CJSMENSCI080df,Movie,English,Sci-Fi,150
CJSMENSCI2416d,Movie,English,Sci-Fi,150
CJSMENSCI6b8f3,Movie,English,Sci-Fi,180
CJSMENSCIad565,Movie,English,Sci-Fi,150
CJSMENTHR039d1,Movie,English,Thriller,150
CJSMENTHR5c4a9,Movie,English,Thriller,180
CJSMENTHR67aef,Movie,English,Thriller,150
CJSMENTHR859d0,Movie,English,Thriller,180
CJSMENTHR95b2a,Movie,English,Thriller,150
CJSMENTHRc9a74,Movie,English,Thriller,150
CJSMENTHRce175,Movie,English,Thriller,180
CJSMENTHRd5a83,Movie,English,Thriller,180
CJSMENTHRe49f3,Movie,English,Thriller,150
CJSMENTHRe95cf,Movie,English,Thriller,150
CJSMENACT1f870,Movie,English,Action,135
CJSMENACT36de0,Movie,English,Action,135
CJSMENACT3869f,Movie,English,Action,135
CJSMENACT3997b,Movie,English,Action,135
CJSMENACT4396a,Movie,English,Action,135
CJSMENACT4cc6b,Movie,English,Action,135
CJSMENACT51f17,Movie,English,Action,135
CJSMENACT58818,Movie,English,Action,135
CJSMENACT73655,Movie,English,Action,135
CJSMENACT8b2fa,Movie,English,Action,135
CJSMENACT93106,Movie,English,Action,135
CJSMENACT97577,Movie,English,Action,135
CJSMENACT9fa31,Movie,English,Action,135
CJSMENACTc2915,Movie,English,Action,135
CJSMENACTccf3e,Movie,English,Action,135
CJSMENACTdbfe6,Movie,English,Action,135
CJSMENACTde215,Movie,English,Action,135
CJSMENACTe872b,Movie,English,Action,135
CJSMENACTeb89b,Movie,English,Action,135
CJSMENACTfd099,Movie,English,Action,135
CJSMENADV04c24,Movie,English,Adventure,135
CJSMENADV07344,Movie,English,Adventure,135
CJSMENADV0fec1,Movie,English,Adventure,135
CJSMENADV4857c,Movie,English,Adventure,135
CJSMENADV83bd0,Movie,English,Adventure,135
CJSMENADV90584,Movie,English,Adventure,135
CJSMENADVa2776,Movie,English,Adventure,135
CJSMENCOMb9373,Movie,English,Comedy,135
CJSMENDRA19f37,Movie,English,Drama,135
CJSMENDRA22eef,Movie,English,Drama,135
CJSMENDRA4041f,Movie,English,Drama,135
CJSMENDRA4a765,Movie,English,Drama,135
CJSMENDRA816f6,Movie,English,Drama,135
CJSMENDRA87982,Movie,English,Drama,135
CJSMENDRAb91dc,Movie,English,Drama,135
CJSMENDRAf82a7,Movie,English,Drama,135
CJSMENFAN57d76,Movie,English,Fantasy,135
CJSMENFAN72630,Movie,English,Fantasy,135
CJSMENFAN7898e,Movie,English,Fantasy,135
CJSMENFAN8d0ec,Movie,English,Fantasy,135
CJSMENFANa4bf6,Movie,English,Fantasy,135
CJSMENFANd9261,Movie,English,Fantasy,135
CJSMENFANdd7ce,Movie,English,Fantasy,135
CJSMENFANdf8f0,Movie,English,Fantasy,135
CJSMENROM78388,Movie,English,Romance,135
CJSMENSCI04a2c,Movie,English,Sci-Fi,135
CJSMENSCI04b0c,Movie,English,Sci-Fi,135
CJSMENSCI237ab,Movie,English,Sci-Fi,135
CJSMENSCI2fa70,Movie,English,Sci-Fi,135
CJSMENSCI4a662,Movie,English,Sci-Fi,135
CJSMENSCI5691d,Movie,English,Sci-Fi,135
CJSMENSCI5dd47,Movie,English,Sci-Fi,135
CJSMENSCI654c1,Movie,English,Sci-Fi,135
CJSMENSCI99da2,Movie,English,Sci-Fi,135
CJSMENSCIbac60,Movie,English,Sci-Fi,135
CJSMENSCIc1e77,Movie,English,Sci-Fi,135
CJSMENSCIf299c,Movie,English,Sci-Fi,135
CJSMENTHR0b071,Movie,English,Thriller,135
CJSMENTHR19b9c,Movie,English,Thriller,135
CJSMENTHR1ee07,Movie,English,Thriller,135
CJSMENTHR1f154,Movie,English,Thriller,135
CJSMENTHR40fca,Movie,English,Thriller,135
CJSMENTHR4d684,Movie,English,Thriller,135
CJSMENTHR53639,Movie,English,Thriller,135
CJSMENTHR60a5b,Movie,English,Thriller,135
CJSMENTHR6e30e,Movie,English,Thriller,135
CJSMENTHR785e7,Movie,English,Thriller,135
CJSMENTHR7f38f,Movie,English,Thriller,135
CJSMENTHR9a6a9,Movie,English,Thriller,135
CJSMENTHRa4aa4,Movie,English,Thriller,135
CJSMENTHRa7e10,Movie,English,Thriller,135
CJSMENTHRbfc8d,Movie,English,Thriller,135
CJSMENTHRd50b0,Movie,English,Thriller,135
CJSMENTHRd5807,Movie,English,Thriller,135
CJSMENACT0331c,Movie,English,Action,90
CJSMENACT1fa2c,Movie,English,Action,90
CJSMENACT2facb,Movie,English,Action,90
CJSMENACT37452,Movie,English,Action,90
CJSMENACT4cf18,Movie,English,Action,90
CJSMENACT68c5e,Movie,English,Action,90
CJSMENACT6e933,Movie,English,Action,90
CJSMENACT6fc09,Movie,English,Action,90
CJSMENACT75f85,Movie,English,Action,90
CJSMENACT907a9,Movie,English,Action,90
CJSMENACTa21e4,Movie,English,Action,90
CJSMENACTa35d8,Movie,English,Action,90
CJSMENACTa724e,Movie,English,Action,90
CJSMENACTb0547,Movie,English,Action,90
CJSMENACTb4e45,Movie,English,Action,90
CJSMENACTb768b,Movie,English,Action,90
CJSMENACTbf17a,Movie,English,Action,90
CJSMENACTf279e,Movie,English,Action,90
CJSMENADV023a1,Movie,English,Adventure,90
CJSMENADV08dce,Movie,English,Adventure,90
CJSMENADV2cf83,Movie,English,Adventure,90
CJSMENADV3a90f,Movie,English,Adventure,90
CJSMENADV4601d,Movie,English,Adventure,90
CJSMENADV49463,Movie,English,Adventure,90
CJSMENADV63729,Movie,English,Adventure,90
CJSMENADV6a10c,Movie,English,Adventure,90
CJSMENADV70c38,Movie,English,Adventure,90
CJSMENADV837dd,Movie,English,Adventure,90
CJSMENADV95598,Movie,English,Adventure,90
CJSMENADVa1907,Movie,English,Adventure,90
CJSMENADVa85e2,Movie,English,Adventure,90
CJSMENADVd6619,Movie,English,Adventure,90
CJSMENCOMa670d,Movie,English,Comedy,90
CJSMENDRA034ba,Movie,English,Drama,90
CJSMENDRA049ff,Movie,English,Drama,90
CJSMENDRA12ae6,Movie,English,Drama,90
CJSMENDRA29227,Movie,English,Drama,90
CJSMENDRA3d0e6,Movie,English,Drama,90
CJSMENDRA4434a,Movie,English,Drama,90
CJSMENDRA6d8b5,Movie,English,Drama,90
CJSMENDRAb12e7,Movie,English,Drama,90
CJSMENDRAcdfbd,Movie,English,Drama,90
CJSMENFAN1057b,Movie,English,Fantasy,90
CJSMENFAN1cf66,Movie,English,Fantasy,90
CJSMENFAN35b34,Movie,English,Fantasy,90
CJSMENFAN39ad7,Movie,English,Fantasy,90
CJSMENFAN766ba,Movie,English,Fantasy,90
CJSMENFAN77b1b,Movie,English,Fantasy,90
CJSMENFAN8e3c9,Movie,English,Fantasy,90
CJSMENFAN905f7,Movie,English,Fantasy,90
CJSMENFAN9eef4,Movie,English,Fantasy,90
CJSMENFAN9f393,Movie,English,Fantasy,90
CJSMENFANb326a,Movie,English,Fantasy,90
CJSMENFANb5925,Movie,English,Fantasy,90
CJSMENFANd0c9b,Movie,English,Fantasy,90
CJSMENFANe58c6,Movie,English,Fantasy,90
CJSMENFANfdb24,Movie,English,Fantasy,90
CJSMENFANfe062,Movie,English,Fantasy,90
CJSMENROM1bc3f,Movie,English,Romance,90
CJSMENROM2c0a1,Movie,English,Romance,90
CJSMENSCI001c3,Movie,English,Sci-Fi,90
CJSMENSCI389dd,Movie,English,Sci-Fi,90
CJSMENSCIab651,Movie,English,Sci-Fi,90
CJSMENSCIc4021,Movie,English,Sci-Fi,90
CJSMENSCId2379,Movie,English,Sci-Fi,90
CJSMENSCIe2344,Movie,English,Sci-Fi,90
CJSMENSCIeb0d0,Movie,English,Sci-Fi,90
CJSMENTHR06651,Movie,English,Thriller,90
CJSMENTHR26f94,Movie,English,Thriller,90
CJSMENTHR39593,Movie,English,Thriller,90
CJSMENTHR485ca,Movie,English,Thriller,90
CJSMENTHR65a39,Movie,English,Thriller,90
CJSMENTHR7116b,Movie,English,Thriller,90
CJSMENTHR7f0f4,Movie,English,Thriller,90
CJSMENTHR86c37,Movie,English,Thriller,90
CJSMENTHR887f1,Movie,English,Thriller,90
CJSMENTHRb4dd0,Movie,English,Thriller,90
CJSMENTHRd844a,Movie,English,Thriller,90
CJSMENTHRf6c84,Movie,English,Thriller,90
CJSSENACT0331b,Series,English,Action,45
CJSSENACT0421a,Series,English,Action,45
CJSSENACT04782,Series,English,Action,45
CJSSENACT1b6b3,Series,English,Action,45
CJSSENACT1b8c3,Series,English,Action,45
CJSSENACT1f4c8,Series,English,Action,45
CJSSENACT248e4,Series,English,Action,45
CJSSENACT276cd,Series,English,Action,45
CJSSENACT27a69,Series,English,Action,45
CJSSENACT3e3ea,Series,English,Action,45
CJSSENACT567fd,Series,English,Action,45
CJSSENACT66104,Series,English,Action,45
CJSSENACT784bd,Series,English,Action,45
CJSSENACT81eba,Series,English,Action,45
CJSSENACTa42a6,Series,English,Action,45
CJSSENACTafaa3,Series,English,Action,45
CJSSENACTc3ce1,Series,English,Action,45
CJSSENACTc6e08,Series,English,Action,45
CJSSENACTcd47c,Series,English,Action,45
CJSSENACTe416d,Series,English,Action,45
CJSSENACTe5012,Series,English,Action,45
CJSSENACTf25f9,Series,English,Action,45
CJSSENACTf329f,Series,English,Action,45
CJSSENADV07179,Series,English,Adventure,45
CJSSENADV11b27,Series,English,Adventure,45
CJSSENADV14d61,Series,English,Adventure,45
CJSSENADV184bf,Series,English,Adventure,45
CJSSENADV394c7,Series,English,Adventure,45
CJSSENADV476bc,Series,English,Adventure,45
CJSSENADV61180,Series,English,Adventure,45
CJSSENADV93d03,Series,English,Adventure,45
CJSSENADV9fec2,Series,English,Adventure,45
CJSSENADVa7af9,Series,English,Adventure,45
CJSSENADVaabe4,Series,English,Adventure,45
CJSSENADVb1096,Series,English,Adventure,45
CJSSENADVc1c41,Series,English,Adventure,45
CJSSENADVc69ab,Series,English,Adventure,45
CJSSENADVcd7e3,Series,English,Adventure,45
CJSSENADVcf3dd,Series,English,Adventure,45
CJSSENADVedc17,Series,English,Adventure,45
CJSSENADVf03df,Series,English,Adventure,45
CJSSENADVf4ec7,Series,English,Adventure,45
CJSSENADVf6982,Series,English,Adventure,45
CJSSENCOM19663,Series,English,Comedy,45
CJSSENCOM7f595,Series,English,Comedy,45
CJSSENDRA05849,Series,English,Drama,45
CJSSENDRA092d3,Series,English,Drama,45
CJSSENDRA1f553,Series,English,Drama,45
CJSSENDRA2c508,Series,English,Drama,45
CJSSENDRA3ab0b,Series,English,Drama,45
CJSSENDRA4b3dd,Series,English,Drama,45
CJSSENDRA50833,Series,English,Drama,45
CJSSENDRA8c88d,Series,English,Drama,45
CJSSENDRA99b6e,Series,English,Drama,45
CJSSENDRAaba9d,Series,English,Drama,45
CJSSENDRAb53c5,Series,English,Drama,45
CJSSENDRAd9ac6,Series,English,Drama,45
CJSSENDRAe9338,Series,English,Drama,45
CJSSENFAN0681d,Series,English,Fantasy,45
CJSSENFAN0a579,Series,English,Fantasy,45
CJSSENFAN20cba,Series,English,Fantasy,45
CJSSENFAN2fe8b,Series,English,Fantasy,45
CJSSENFAN3dab0,Series,English,Fantasy,45
CJSSENFAN5fc0e,Series,English,Fantasy,45
CJSSENFAN6eb3c,Series,English,Fantasy,45
CJSSENFAN8f65d,Series,English,Fantasy,45
CJSSENFAN9217c,Series,English,Fantasy,45
CJSSENFAN99784,Series,English,Fantasy,45
CJSSENFAN9a1e0,Series,English,Fantasy,45
CJSSENFANb6d06,Series,English,Fantasy,45
CJSSENFANbb533,Series,English,Fantasy,45
CJSSENFANc464d,Series,English,Fantasy,45
CJSSENFANc7836,Series,English,Fantasy,45
CJSSENFANd6835,Series,English,Fantasy,45
CJSSENFANe149f,Series,English,Fantasy,45
CJSSENFANf31c6,Series,English,Fantasy,45
CJSSENFANfa79e,Series,English,Fantasy,45
CJSSENROM31c2e,Series,English,Romance,45
CJSSENROM49a0a,Series,English,Romance,45
CJSSENSCI0b734,Series,English,Sci-Fi,45
CJSSENSCI26b1c,Series,English,Sci-Fi,45
CJSSENSCI6e8c7,Series,English,Sci-Fi,45
CJSSENSCI876d1,Series,English,Sci-Fi,45
CJSSENSCI88b48,Series,English,Sci-Fi,45
CJSSENSCI8c2bc,Series,English,Sci-Fi,45
CJSSENSCI9ffa2,Series,English,Sci-Fi,45
CJSSENSCIa2ec4,Series,English,Sci-Fi,45
CJSSENSCIc6139,Series,English,Sci-Fi,45
CJSSENTHR11685,Series,English,Thriller,45
CJSSENTHR1d0b8,Series,English,Thriller,45
CJSSENTHR32e09,Series,English,Thriller,45
CJSSENTHR3317b,Series,English,Thriller,45
CJSSENTHR3714b,Series,English,Thriller,45
CJSSENTHR42724,Series,English,Thriller,45
CJSSENTHR44268,Series,English,Thriller,45
CJSSENTHR4da49,Series,English,Thriller,45
CJSSENTHR5c3e6,Series,English,Thriller,45
CJSSENTHR717aa,Series,English,Thriller,45
CJSSENTHR7b8c1,Series,English,Thriller,45
CJSSENTHR90781,Series,English,Thriller,45
CJSSENTHRa000a,Series,English,Thriller,45
CJSSENTHRab0a1,Series,English,Thriller,45
CJSSENTHRb3128,Series,English,Thriller,45
CJSSENTHRefbb1,Series,English,Thriller,45
CJSSENTHRfb377,Series,English,Thriller,45
CJSSENTHRff29f,Series,English,Thriller,45
CJSSENACT02dd1,Series,English,Action,20
CJSSENACT0e92c,Series,English,Action,20
CJSSENACT33227,Series,English,Action,20
CJSSENACT449b3,Series,English,Action,20
CJSSENACT49aa9,Series,English,Action,20
CJSSENACT4f2f4,Series,English,Action,20
CJSSENACT5cd94,Series,English,Action,20
CJSSENACT6fe88,Series,English,Action,20
CJSSENACT86dbf,Series,English,Action,20
CJSSENACT95737,Series,English,Action,20
CJSSENACTbbf6d,Series,English,Action,20
CJSSENACTd1977,Series,English,Action,20
CJSSENACTd917a,Series,English,Action,20
CJSSENACTdfde0,Series,English,Action,20
CJSSENACTf9370,Series,English,Action,20
CJSSENACTfa1fe,Series,English,Action,20
CJSSENACTfb096,Series,English,Action,20
CJSSENADV11208,Series,English,Adventure,20
CJSSENADV174d4,Series,English,Adventure,20
CJSSENADV37346,Series,English,Adventure,20
CJSSENADV37c2b,Series,English,Adventure,20
CJSSENADV4be3a,Series,English,Adventure,20
CJSSENADV70358,Series,English,Adventure,20
CJSSENADV76944,Series,English,Adventure,20
CJSSENADVe8b8d,Series,English,Adventure,20
CJSSENADVec3fe,Series,English,Adventure,20
CJSSENADVf937d,Series,English,Adventure,20
CJSSENDRA0d4d4,Series,English,Drama,20
CJSSENDRA140e3,Series,English,Drama,20
CJSSENDRA14615,Series,English,Drama,20
CJSSENDRA1b65e,Series,English,Drama,20
CJSSENDRA1c38f,Series,English,Drama,20
CJSSENDRA50fd7,Series,English,Drama,20
CJSSENDRA854d8,Series,English,Drama,20
CJSSENDRAcb858,Series,English,Drama,20
CJSSENDRAd0b2e,Series,English,Drama,20
CJSSENFAN13eba,Series,English,Fantasy,20
CJSSENFAN3323d,Series,English,Fantasy,20
CJSSENFAN572d4,Series,English,Fantasy,20
CJSSENFAN5f940,Series,English,Fantasy,20
CJSSENFAN66e35,Series,English,Fantasy,20
CJSSENFAN88302,Series,English,Fantasy,20
CJSSENFANaa7fa,Series,English,Fantasy,20
CJSSENFANcb512,Series,English,Fantasy,20
CJSSENFANf167a,Series,English,Fantasy,20
CJSSENSCI710d0,Series,English,Sci-Fi,20
CJSSENSCI8fd3c,Series,English,Sci-Fi,20
CJSSENSCIa2ef3,Series,English,Sci-Fi,20
CJSSENSCIfccf6,Series,English,Sci-Fi,20
CJSSENTHR0290f,Series,English,Thriller,20
CJSSENTHR1f1ad,Series,English,Thriller,20
CJSSENTHR433ef,Series,English,Thriller,20
CJSSENTHR5f99a,Series,English,Thriller,20
CJSSENTHR62ce5,Series,English,Thriller,20
CJSSENTHR725bc,Series,English,Thriller,20
CJSSENTHR7e0e2,Series,English,Thriller,20
CJSSENTHR7fac6,Series,English,Thriller,20
CJSSENTHR8198e,Series,English,Thriller,20
CJSSENTHR81c13,Series,English,Thriller,20
CJSSENTHR8632e,Series,English,Thriller,20
CJSSENTHRb7a40,Series,English,Thriller,20
CJSSENTHRce331,Series,English,Thriller,20
CJSSENTHRd4fc7,Series,English,Thriller,20
CJSSENTHRde429,Series,English,Thriller,20
CJSSENTHRf3958,Series,English,Thriller,20
CJSSENTHRf5746,Series,English,Thriller,20
CJSSENTHRfde5f,Series,English,Thriller,20
CJSSENACT00328,Series,English,Action,30
CJSSENACT0779d,Series,English,Action,30
CJSSENACT07e4f,Series,English,Action,30
CJSSENACT0a66e,Series,English,Action,30
CJSSENACT10bc2,Series,English,Action,30
CJSSENACT13b7f,Series,English,Action,30
CJSSENACT141a4,Series,English,Action,30
CJSSENACT16085,Series,English,Action,30
CJSSENACT20037,Series,English,Action,30
CJSSENACT22992,Series,English,Action,30
CJSSENACT2737c,Series,English,Action,30
CJSSENACT31e03,Series,English,Action,30
CJSSENACT323b6,Series,English,Action,30
CJSSENACT3437b,Series,English,Action,30
CJSSENACT38201,Series,English,Action,30
CJSSENACT3a9ed,Series,English,Action,30
CJSSENACT474ac,Series,English,Action,30
CJSSENACT47d3a,Series,English,Action,30
CJSSENACT4c723,Series,English,Action,30
CJSSENACT4d98e,Series,English,Action,30
CJSSENACT5672c,Series,English,Action,30
CJSSENACT5e057,Series,English,Action,30
CJSSENACT5ed11,Series,English,Action,30
CJSSENACT606b1,Series,English,Action,30
CJSSENACT6e1f8,Series,English,Action,30
CJSSENACT701bb,Series,English,Action,30
CJSSENACT7123d,Series,English,Action,30
CJSSENACT75a0e,Series,English,Action,30
CJSSENACT7b09b,Series,English,Action,30
CJSSENACT7d532,Series,English,Action,30
CJSSENACT7efd6,Series,English,Action,30
CJSSENACT98534,Series,English,Action,30
CJSSENACT9ae02,Series,English,Action,30
CJSSENACTac224,Series,English,Action,30
CJSSENACTacbf5,Series,English,Action,30
CJSSENACTb52a0,Series,English,Action,30
CJSSENACTcaafe,Series,English,Action,30
CJSSENACTcf8ed,Series,English,Action,30
CJSSENACTd026a,Series,English,Action,30
CJSSENACTd12a2,Series,English,Action,30
CJSSENACTd5509,Series,English,Action,30
CJSSENACTd83e4,Series,English,Action,30
CJSSENACTdb252,Series,English,Action,30
CJSSENACTdf9a3,Series,English,Action,30
CJSSENACTe780e,Series,English,Action,30
CJSSENACTfd33f,Series,English,Action,30
CJSSENADV0e365,Series,English,Adventure,30
CJSSENADV1cdc0,Series,English,Adventure,30
CJSSENADV23592,Series,English,Adventure,30
CJSSENADV274a5,Series,English,Adventure,30
CJSSENADV312ee,Series,English,Adventure,30
CJSSENADV35503,Series,English,Adventure,30
CJSSENADV42d2f,Series,English,Adventure,30
CJSSENADV698e0,Series,English,Adventure,30
CJSSENADV7c873,Series,English,Adventure,30
CJSSENADV8787b,Series,English,Adventure,30
CJSSENADV89d04,Series,English,Adventure,30
CJSSENADV920e8,Series,English,Adventure,30
CJSSENADVa4f1a,Series,English,Adventure,30
CJSSENADVa7959,Series,English,Adventure,30
CJSSENADVaa640,Series,English,Adventure,30
CJSSENADVc3f9b,Series,English,Adventure,30
CJSSENADVddc95,Series,English,Adventure,30
CJSSENADVe465c,Series,English,Adventure,30
CJSSENADVeede0,Series,English,Adventure,30
CJSSENADVf295d,Series,English,Adventure,30
CJSSENCOM412d5,Series,English,Comedy,30
CJSSENCOMb575b,Series,English,Comedy,30
CJSSENCOMf31d1,Series,English,Comedy,30
CJSSENCOMf65ee,Series,English,Comedy,30
CJSSENDRA0691c,Series,English,Drama,30
CJSSENDRA15436,Series,English,Drama,30
CJSSENDRA1a439,Series,English,Drama,30
CJSSENDRA431ea,Series,English,Drama,30
CJSSENDRA6c71f,Series,English,Drama,30
CJSSENDRA77239,Series,English,Drama,30
CJSSENDRA9f880,Series,English,Drama,30
CJSSENDRAa23fd,Series,English,Drama,30
CJSSENDRAb0e68,Series,English,Drama,30
CJSSENDRAbc76f,Series,English,Drama,30
CJSSENDRAd717c,Series,English,Drama,30
CJSSENFAN02795,Series,English,Fantasy,30
CJSSENFAN0d62c,Series,English,Fantasy,30
CJSSENFAN2b5cc,Series,English,Fantasy,30
CJSSENFAN3e5be,Series,English,Fantasy,30
CJSSENFAN42645,Series,English,Fantasy,30
CJSSENFAN46363,Series,English,Fantasy,30
CJSSENFAN4b52f,Series,English,Fantasy,30
CJSSENFAN4c3bd,Series,English,Fantasy,30
CJSSENFAN4ce7c,Series,English,Fantasy,30
CJSSENFAN4e8b6,Series,English,Fantasy,30
CJSSENFAN4ea36,Series,English,Fantasy,30
CJSSENFAN67756,Series,English,Fantasy,30
CJSSENFAN7cf66,Series,English,Fantasy,30
CJSSENFAN81a6c,Series,English,Fantasy,30
CJSSENFANa4166,Series,English,Fantasy,30
CJSSENFANca540,Series,English,Fantasy,30
CJSSENFANcaac6,Series,English,Fantasy,30
CJSSENFANd2d86,Series,English,Fantasy,30
CJSSENFANd8552,Series,English,Fantasy,30
CJSSENFANd8ecb,Series,English,Fantasy,30
CJSSENFANf641b,Series,English,Fantasy,30
CJSSENFANf83f8,Series,English,Fantasy,30
CJSSENROM0f2a2,Series,English,Romance,30
CJSSENROM1cdd0,Series,English,Romance,30
CJSSENROM53bcf,Series,English,Romance,30
CJSSENROM6e205,Series,English,Romance,30
CJSSENROM7d4b2,Series,English,Romance,30
CJSSENROMabd48,Series,English,Romance,30
CJSSENROMc6a5e,Series,English,Romance,30
CJSSENROMeb794,Series,English,Romance,30
CJSSENSCI0ac01,Series,English,Sci-Fi,30
CJSSENSCI0cfaa,Series,English,Sci-Fi,30
CJSSENSCI37c20,Series,English,Sci-Fi,30
CJSSENSCI458fe,Series,English,Sci-Fi,30
CJSSENSCI495db,Series,English,Sci-Fi,30
CJSSENSCI50d71,Series,English,Sci-Fi,30
CJSSENSCI598d4,Series,English,Sci-Fi,30
CJSSENSCI5b3f1,Series,English,Sci-Fi,30
CJSSENSCI7010d,Series,English,Sci-Fi,30
CJSSENSCI74c36,Series,English,Sci-Fi,30
CJSSENSCI81d11,Series,English,Sci-Fi,30
CJSSENSCI86fc9,Series,English,Sci-Fi,30
CJSSENSCI8a20e,Series,English,Sci-Fi,30
CJSSENSCI9970c,Series,English,Sci-Fi,30
CJSSENSCIa3b2c,Series,English,Sci-Fi,30
CJSSENSCIac4bd,Series,English,Sci-Fi,30
CJSSENSCIb22f1,Series,English,Sci-Fi,30
CJSSENSCIb8614,Series,English,Sci-Fi,30
CJSSENSCId0066,Series,English,Sci-Fi,30
CJSSENSCId06b6,Series,English,Sci-Fi,30
CJSSENTHR08b44,Series,English,Thriller,30
CJSSENTHR10f5b,Series,English,Thriller,30
CJSSENTHR16407,Series,English,Thriller,30
CJSSENTHR17ac3,Series,English,Thriller,30
CJSSENTHR2519c,Series,English,Thriller,30
CJSSENTHR2f7fc,Series,English,Thriller,30
CJSSENTHR3c761,Series,English,Thriller,30
CJSSENTHR40638,Series,English,Thriller,30
CJSSENTHR4360d,Series,English,Thriller,30
CJSSENTHR4a64d,Series,English,Thriller,30
CJSSENTHR5cd6a,Series,English,Thriller,30
CJSSENTHR675ef,Series,English,Thriller,30
CJSSENTHR682ca,Series,English,Thriller,30
CJSSENTHR6d163,Series,English,Thriller,30
CJSSENTHR82a0b,Series,English,Thriller,30
CJSSENTHR99d3a,Series,English,Thriller,30
CJSSENTHRa0f04,Series,English,Thriller,30
CJSSENTHRab53c,Series,English,Thriller,30
CJSSENTHRb9edc,Series,English,Thriller,30
CJSSENTHRbab5c,Series,English,Thriller,30
CJSSENTHRc1217,Series,English,Thriller,30
CJSSENTHRc1706,Series,English,Thriller,30
CJSSENTHRc3de9,Series,English,Thriller,30
CJSSENTHRcc893,Series,English,Thriller,30
CJSSENTHRcf9fb,Series,English,Thriller,30
CJSSENTHRcffa4,Series,English,Thriller,30
CJSSENTHRd6516,Series,English,Thriller,30
CJSSENTHRdc2c0,Series,English,Thriller,30
CJSSENTHRe87d3,Series,English,Thriller,30
CJSSENTHRf2263,Series,English,Thriller,30
CJSSENTHRf632c,Series,English,Thriller,30
CJSMHIACT064dd,Movie,Hindi,Action,135
CJSMHIACT14a5a,Movie,Hindi,Action,135
CJSMHIACT17b32,Movie,Hindi,Action,150
CJSMHIACT2f454,Movie,Hindi,Action,180
CJSMHIACT31b29,Movie,Hindi,Action,135
CJSMHIACT32225,Movie,Hindi,Action,135
CJSMHIACT7aadb,Movie,Hindi,Action,135
CJSMHIACT886bc,Movie,Hindi,Action,135
CJSMHIACT8b7ec,Movie,Hindi,Action,135
CJSMHIACT8e10f,Movie,Hindi,Action,135
CJSMHIACT91d90,Movie,Hindi,Action,180
CJSMHIACTac05f,Movie,Hindi,Action,150
CJSMHIACTc329d,Movie,Hindi,Action,135
CJSMHIACTc481f,Movie,Hindi,Action,150
CJSMHIACTc91b9,Movie,Hindi,Action,135
CJSMHIACTcf563,Movie,Hindi,Action,150
CJSMHIACTe566d,Movie,Hindi,Action,135
CJSMHIACTf9471,Movie,Hindi,Action,135
CJSMHIADV70800,Movie,Hindi,Adventure,150
CJSMHIADV98b32,Movie,Hindi,Adventure,135
CJSMHIADVa1f3d,Movie,Hindi,Adventure,180
CJSMHIADVa5e5b,Movie,Hindi,Adventure,135
CJSMHIADVbd2c7,Movie,Hindi,Adventure,180
CJSMHICOM0cc93,Movie,Hindi,Comedy,135
CJSMHICOM12977,Movie,Hindi,Comedy,135
CJSMHICOM2c2e4,Movie,Hindi,Comedy,135
CJSMHICOM36be9,Movie,Hindi,Comedy,150
CJSMHICOM38604,Movie,Hindi,Comedy,150
CJSMHICOM529a2,Movie,Hindi,Comedy,135
CJSMHICOM6ef3f,Movie,Hindi,Comedy,135
CJSMHICOM8e984,Movie,Hindi,Comedy,150
CJSMHICOM8f5e3,Movie,Hindi,Comedy,135
CJSMHICOM9043d,Movie,Hindi,Comedy,135
CJSMHICOM957f8,Movie,Hindi,Comedy,150
CJSMHICOM99761,Movie,Hindi,Comedy,135
CJSMHICOMa0879,Movie,Hindi,Comedy,135
CJSMHICOMa70b3,Movie,Hindi,Comedy,150
CJSMHICOMb1cd1,Movie,Hindi,Comedy,135
CJSMHICOMb935d,Movie,Hindi,Comedy,135
CJSMHICOMcc110,Movie,Hindi,Comedy,150
CJSMHICOMdca7b,Movie,Hindi,Comedy,135
CJSMHICOMdecea,Movie,Hindi,Comedy,135
CJSMHICOMfbb49,Movie,Hindi,Comedy,180
CJSMHIDRA00906,Movie,Hindi,Drama,150
CJSMHIDRA00f0d,Movie,Hindi,Drama,150
CJSMHIDRA14c3f,Movie,Hindi,Drama,180
CJSMHIDRA455d4,Movie,Hindi,Drama,135
CJSMHIDRA58a1d,Movie,Hindi,Drama,135
CJSMHIDRA6df11,Movie,Hindi,Drama,150
CJSMHIDRA744d9,Movie,Hindi,Drama,150
CJSMHIDRA74aa8,Movie,Hindi,Drama,150
CJSMHIDRA7b542,Movie,Hindi,Drama,135
CJSMHIDRA90705,Movie,Hindi,Drama,135
CJSMHIDRA9161b,Movie,Hindi,Drama,135
CJSMHIDRA997f4,Movie,Hindi,Drama,150
CJSMHIDRAa0939,Movie,Hindi,Drama,180
CJSMHIDRAa5e81,Movie,Hindi,Drama,135
CJSMHIDRAaa948,Movie,Hindi,Drama,150
CJSMHIDRAad833,Movie,Hindi,Drama,180
CJSMHIDRAb6a40,Movie,Hindi,Drama,150
CJSMHIDRAbc8f6,Movie,Hindi,Drama,180
CJSMHIDRAbf796,Movie,Hindi,Drama,135
CJSMHIDRAc7488,Movie,Hindi,Drama,150
CJSMHIDRAc8d97,Movie,Hindi,Drama,135
CJSMHIDRAc998e,Movie,Hindi,Drama,135
CJSMHIDRAd143f,Movie,Hindi,Drama,180
CJSMHIDRAd2c82,Movie,Hindi,Drama,150
CJSMHIDRAe22b4,Movie,Hindi,Drama,150
CJSMHIDRAf73e9,Movie,Hindi,Drama,180
CJSMHIFAN0d5eb,Movie,Hindi,Fantasy,150
CJSMHIFAN0fd59,Movie,Hindi,Fantasy,150
CJSMHIFAN1891f,Movie,Hindi,Fantasy,150
CJSMHIFAN2a9a3,Movie,Hindi,Fantasy,180
CJSMHIFAN39a9e,Movie,Hindi,Fantasy,150
CJSMHIFAN6c851,Movie,Hindi,Fantasy,135
CJSMHIFAN72648,Movie,Hindi,Fantasy,135
CJSMHIFAN7df51,Movie,Hindi,Fantasy,135
CJSMHIFANa3774,Movie,Hindi,Fantasy,135
CJSMHIFANb4260,Movie,Hindi,Fantasy,135
CJSMHIFANb48b8,Movie,Hindi,Fantasy,135
CJSMHIFANd05f0,Movie,Hindi,Fantasy,150
CJSMHIFANe2af5,Movie,Hindi,Fantasy,135
CJSMHIROM07e66,Movie,Hindi,Romance,150
CJSMHIROM0e38a,Movie,Hindi,Romance,135
CJSMHIROM1c70d,Movie,Hindi,Romance,135
CJSMHIROM30b81,Movie,Hindi,Romance,135
CJSMHIROM5f1dd,Movie,Hindi,Romance,180
CJSMHIROM607b0,Movie,Hindi,Romance,150
CJSMHIROM63cf3,Movie,Hindi,Romance,135
CJSMHIROM6bf88,Movie,Hindi,Romance,180
CJSMHIROM76bd4,Movie,Hindi,Romance,180
CJSMHIROM7a592,Movie,Hindi,Romance,135
CJSMHIROM92a63,Movie,Hindi,Romance,150
CJSMHIROM9bc85,Movie,Hindi,Romance,135
CJSMHIROMc9fdd,Movie,Hindi,Romance,135
CJSMHIROMe30cb,Movie,Hindi,Romance,150
CJSMHIROMe55aa,Movie,Hindi,Romance,135
CJSMHIROMe5ee7,Movie,Hindi,Romance,135
CJSMHIROMef31d,Movie,Hindi,Romance,180
CJSMHIROMf2552,Movie,Hindi,Romance,135
CJSMHIROMf4dee,Movie,Hindi,Romance,180
CJSMHIROMf5c93,Movie,Hindi,Romance,150
CJSMHISCI0aebb,Movie,Hindi,Sci-Fi,150
CJSMHISCI1cfd6,Movie,Hindi,Sci-Fi,180
CJSMHISCI85b19,Movie,Hindi,Sci-Fi,135
CJSMHISCI8b157,Movie,Hindi,Sci-Fi,135
CJSMHISCIaae31,Movie,Hindi,Sci-Fi,135
CJSMHISCIcbccd,Movie,Hindi,Sci-Fi,135
CJSMHISCId4e8f,Movie,Hindi,Sci-Fi,180
CJSMHISCIfceab,Movie,Hindi,Sci-Fi,180
CJSMHITHR02e43,Movie,Hindi,Thriller,180
CJSMHITHR076e2,Movie,Hindi,Thriller,150
CJSMHITHR08c34,Movie,Hindi,Thriller,150
CJSMHITHR0dd98,Movie,Hindi,Thriller,135
CJSMHITHR1c6af,Movie,Hindi,Thriller,150
CJSMHITHR4e3db,Movie,Hindi,Thriller,135
CJSMHITHR58587,Movie,Hindi,Thriller,150
CJSMHITHR7d695,Movie,Hindi,Thriller,135
CJSMHITHR911e4,Movie,Hindi,Thriller,150
CJSMHITHRa1bb3,Movie,Hindi,Thriller,180
CJSMHITHRaa5ed,Movie,Hindi,Thriller,150
CJSMHITHRadb7e,Movie,Hindi,Thriller,135
CJSMHITHRb4651,Movie,Hindi,Thriller,150
CJSMHITHRbe7a1,Movie,Hindi,Thriller,150
CJSMHITHRcf9f4,Movie,Hindi,Thriller,135
CJSSHIACT0aa8e,Series,Hindi,Action,45
CJSSHIACT26305,Series,Hindi,Action,20
CJSSHIACT26d4f,Series,Hindi,Action,45
CJSSHIACT271a7,Series,Hindi,Action,45
CJSSHIACT55c79,Series,Hindi,Action,20
CJSSHIACT6d845,Series,Hindi,Action,45
CJSSHIACT7cc18,Series,Hindi,Action,20
CJSSHIACT85282,Series,Hindi,Action,45
CJSSHIACTbdd9a,Series,Hindi,Action,45
CJSSHIACTc60b9,Series,Hindi,Action,20
CJSSHIACTf00c1,Series,Hindi,Action,20
CJSSHIACTf302d,Series,Hindi,Action,20
CJSSHIADV42bbf,Series,Hindi,Adventure,45
CJSSHIADV4c209,Series,Hindi,Adventure,20
CJSSHIADV9714a,Series,Hindi,Adventure,45
CJSSHICOM020a6,Series,Hindi,Comedy,20
CJSSHICOM03805,Series,Hindi,Comedy,45
CJSSHICOM0ae31,Series,Hindi,Comedy,45
CJSSHICOM0bc25,Series,Hindi,Comedy,45
CJSSHICOM23981,Series,Hindi,Comedy,45
CJSSHICOM32f3f,Series,Hindi,Comedy,45
CJSSHICOM39f57,Series,Hindi,Comedy,45
CJSSHICOM5d8c9,Series,Hindi,Comedy,45
CJSSHICOM6952d,Series,Hindi,Comedy,20
CJSSHICOM786a7,Series,Hindi,Comedy,45
CJSSHICOM916a5,Series,Hindi,Comedy,20
CJSSHICOMc78de,Series,Hindi,Comedy,45
CJSSHICOMd9d64,Series,Hindi,Comedy,45
CJSSHICOMe5d21,Series,Hindi,Comedy,45
CJSSHICOMe9bfa,Series,Hindi,Comedy,45
CJSSHICOMf4bac,Series,Hindi,Comedy,20
CJSSHIDRA0799c,Series,Hindi,Drama,45
CJSSHIDRA16012,Series,Hindi,Drama,20
CJSSHIDRA1d6b4,Series,Hindi,Drama,45
CJSSHIDRA356d7,Series,Hindi,Drama,45
CJSSHIDRA3b9e2,Series,Hindi,Drama,20
CJSSHIDRA5aa5f,Series,Hindi,Drama,20
CJSSHIDRA69356,Series,Hindi,Drama,45
CJSSHIDRA6fadd,Series,Hindi,Drama,20
CJSSHIDRA8a676,Series,Hindi,Drama,20
CJSSHIDRAa4134,Series,Hindi,Drama,20
CJSSHIDRAaa269,Series,Hindi,Drama,45
CJSSHIDRAbc252,Series,Hindi,Drama,20
CJSSHIDRAc2001,Series,Hindi,Drama,20
CJSSHIDRAc4dc0,Series,Hindi,Drama,20
CJSSHIDRAdf2cf,Series,Hindi,Drama,45
CJSSHIDRAece2b,Series,Hindi,Drama,45
CJSSHIDRAf2a52,Series,Hindi,Drama,45
CJSSHIDRAfe359,Series,Hindi,Drama,20
CJSSHIFAN42790,Series,Hindi,Fantasy,20
CJSSHIFAN428a3,Series,Hindi,Fantasy,45
CJSSHIFAN4f0ca,Series,Hindi,Fantasy,45
CJSSHIFAN5c282,Series,Hindi,Fantasy,45
CJSSHIFAN7a8d2,Series,Hindi,Fantasy,45
CJSSHIFAN7d4b9,Series,Hindi,Fantasy,45
CJSSHIFAN80c2d,Series,Hindi,Fantasy,45
CJSSHIFANc6350,Series,Hindi,Fantasy,45
CJSSHIFANd6db6,Series,Hindi,Fantasy,20
CJSSHIROM2e583,Series,Hindi,Romance,45
CJSSHIROM5d214,Series,Hindi,Romance,20
CJSSHIROM6293d,Series,Hindi,Romance,20
CJSSHIROM75573,Series,Hindi,Romance,45
CJSSHIROM8c9ec,Series,Hindi,Romance,45
CJSSHIROM9370e,Series,Hindi,Romance,20
CJSSHIROMacfd1,Series,Hindi,Romance,45
CJSSHIROMb3239,Series,Hindi,Romance,45
CJSSHIROMba780,Series,Hindi,Romance,45
CJSSHIROMbd50c,Series,Hindi,Romance,45
CJSSHIROMd5b61,Series,Hindi,Romance,20
CJSSHIROMe1d05,Series,Hindi,Romance,45
CJSSHIROMeb0a6,Series,Hindi,Romance,45
CJSSHIROMf986c,Series,Hindi,Romance,20
CJSSHIROMfc15e,Series,Hindi,Romance,45
CJSSHIROMfd71c,Series,Hindi,Romance,20
CJSSHISCI0c773,Series,Hindi,Sci-Fi,45
CJSSHISCI120a0,Series,Hindi,Sci-Fi,45
CJSSHISCIb1308,Series,Hindi,Sci-Fi,20
CJSSHISCIbc587,Series,Hindi,Sci-Fi,45
CJSSHISCIc413b,Series,Hindi,Sci-Fi,20
CJSSHITHR421b8,Series,Hindi,Thriller,20
CJSSHITHR5e8ff,Series,Hindi,Thriller,45
CJSSHITHR6e0d0,Series,Hindi,Thriller,45
CJSSHITHR8972f,Series,Hindi,Thriller,20
CJSSHITHR929b0,Series,Hindi,Thriller,20
CJSSHITHRb807f,Series,Hindi,Thriller,20
CJSSHITHRc82a2,Series,Hindi,Thriller,45
CJSSHITHRd4f31,Series,Hindi,Thriller,20
CJSSPHIDOC0c271,Sports,Hindi,Documentaries,60
CJSSPHIDOC38e78,Sports,Hindi,Documentaries,60
CJSSPHIDOC41fb2,Sports,Hindi,Documentaries,60
CJSSPHIDOC7ae73,Sports,Hindi,Documentaries,60
CJSSPHIDOC7ed16,Sports,Hindi,Documentaries,60
CJSSPHIDOC88f0d,Sports,Hindi,Documentaries,60
CJSSPHIDOCb93ca,Sports,Hindi,Documentaries,60
CJSSPHIDOCba175,Sports,Hindi,Documentaries,60
CJSSPHIDOCbed7d,Sports,Hindi,Documentaries,60
CJSSPHIDOCc7860,Sports,Hindi,Documentaries,60
CJSSPHIDOCd2f8c,Sports,Hindi,Documentaries,60
CJSSPHIDOCfcc11,Sports,Hindi,Documentaries,60
CJSSPHIHIG0a032,Sports,Hindi,Highlights,10
CJSSPHIHIG0fd58,Sports,Hindi,Highlights,20
CJSSPHIHIG24eca,Sports,Hindi,Highlights,20
CJSSPHIHIG26818,Sports,Hindi,Highlights,5
CJSSPHIHIG370cf,Sports,Hindi,Highlights,10
CJSSPHIHIG3726a,Sports,Hindi,Highlights,15
CJSSPHIHIG3939e,Sports,Hindi,Highlights,15
CJSSPHIHIG3d0ad,Sports,Hindi,Highlights,10
CJSSPHIHIG47085,Sports,Hindi,Highlights,20
CJSSPHIHIG5605c,Sports,Hindi,Highlights,20
CJSSPHIHIG649a0,Sports,Hindi,Highlights,20
CJSSPHIHIG6806f,Sports,Hindi,Highlights,5
CJSSPHIHIG6db36,Sports,Hindi,Highlights,10
CJSSPHIHIG887e6,Sports,Hindi,Highlights,10
CJSSPHIHIG8f942,Sports,Hindi,Highlights,5
CJSSPHIHIG97e4f,Sports,Hindi,Highlights,10
CJSSPHIHIG9cb09,Sports,Hindi,Highlights,20
CJSSPHIHIGab029,Sports,Hindi,Highlights,15
CJSSPHIHIGb0bcf,Sports,Hindi,Highlights,20
CJSSPHIHIGc8681,Sports,Hindi,Highlights,15
CJSSPHIHIGd6227,Sports,Hindi,Highlights,10
CJSSPHIHIGe3d04,Sports,Hindi,Highlights,10
CJSSPHIHIGec860,Sports,Hindi,Highlights,15
CJSSPHIHIGf9cdf,Sports,Hindi,Highlights,10
CJSSPHIHIGfb1ce,Sports,Hindi,Highlights,15
CJSSPHILIV015f4,Sports,Hindi,Live Matches,180
CJSSPHILIV0f4c8,Sports,Hindi,Live Matches,300
CJSSPHILIV1a59e,Sports,Hindi,Live Matches,240
CJSSPHILIV2136e,Sports,Hindi,Live Matches,180
CJSSPHILIV22f04,Sports,Hindi,Live Matches,180
CJSSPHILIV25d6a,Sports,Hindi,Live Matches,180
CJSSPHILIV38885,Sports,Hindi,Live Matches,300
CJSSPHILIV39d33,Sports,Hindi,Live Matches,180
CJSSPHILIV3cfe6,Sports,Hindi,Live Matches,180
CJSSPHILIV4346f,Sports,Hindi,Live Matches,180
CJSSPHILIV49e46,Sports,Hindi,Live Matches,180
CJSSPHILIV52294,Sports,Hindi,Live Matches,240
CJSSPHILIV5d186,Sports,Hindi,Live Matches,240
CJSSPHILIV61954,Sports,Hindi,Live Matches,300
CJSSPHILIV75014,Sports,Hindi,Live Matches,180
CJSSPHILIV7e7a5,Sports,Hindi,Live Matches,180
CJSSPHILIV82a91,Sports,Hindi,Live Matches,180
CJSSPHILIV8ac65,Sports,Hindi,Live Matches,180
CJSSPHILIV937e4,Sports,Hindi,Live Matches,240
CJSSPHILIV98b42,Sports,Hindi,Live Matches,180
CJSSPHILIV9c8f7,Sports,Hindi,Live Matches,180
CJSSPHILIVaae3c,Sports,Hindi,Live Matches,180
CJSSPHILIVb5525,Sports,Hindi,Live Matches,180
CJSSPHILIVb9530,Sports,Hindi,Live Matches,240
CJSSPHILIVbb372,Sports,Hindi,Live Matches,180
CJSSPHILIVce3c0,Sports,Hindi,Live Matches,180
CJSSPHILIVd19f5,Sports,Hindi,Live Matches,240
CJSSPHILIVd588f,Sports,Hindi,Live Matches,180
CJSSPHILIVda5fa,Sports,Hindi,Live Matches,180
CJSSPHILIVe5740,Sports,Hindi,Live Matches,180
CJSSPHIDOC15ea2,Sports,Hindi,Documentaries,30
CJSSPHIDOC18ead,Sports,Hindi,Documentaries,30
CJSSPHIDOC2b2c2,Sports,Hindi,Documentaries,30
CJSSPHIDOCd258b,Sports,Hindi,Documentaries,30
CJSSPHIHIG34308,Sports,Hindi,Highlights,30
CJSSPHIHIG491fb,Sports,Hindi,Highlights,30
CJSSPHIHIGb6daa,Sports,Hindi,Highlights,30
CJSSPHIHIGbfdc1,Sports,Hindi,Highlights,30
CJSSHIACT049b5,Series,Hindi,Action,30
CJSSHIACT06d37,Series,Hindi,Action,30
CJSSHIACT2e545,Series,Hindi,Action,30
CJSSHIACT4d89a,Series,Hindi,Action,30
CJSSHIACT529d8,Series,Hindi,Action,30
CJSSHIACT585b9,Series,Hindi,Action,30
CJSSHIACT7723e,Series,Hindi,Action,30
CJSSHIACT8e843,Series,Hindi,Action,30
CJSSHIACTac205,Series,Hindi,Action,30
CJSSHIACTc051b,Series,Hindi,Action,30
CJSSHIACTd7549,Series,Hindi,Action,30
CJSSHIACTe9401,Series,Hindi,Action,30
CJSSHIADV0b0d5,Series,Hindi,Adventure,30
CJSSHIADV43c0c,Series,Hindi,Adventure,30
CJSSHIADV7df81,Series,Hindi,Adventure,30
CJSSHIADVaf189,Series,Hindi,Adventure,30
CJSSHIADVb69d6,Series,Hindi,Adventure,30
CJSSHICOM01441,Series,Hindi,Comedy,30
CJSSHICOM01ef7,Series,Hindi,Comedy,30
CJSSHICOM191c3,Series,Hindi,Comedy,30
CJSSHICOM2f8f5,Series,Hindi,Comedy,30
CJSSHICOM2fe10,Series,Hindi,Comedy,30
CJSSHICOM36311,Series,Hindi,Comedy,30
CJSSHICOM56274,Series,Hindi,Comedy,30
CJSSHICOM611d8,Series,Hindi,Comedy,30
CJSSHICOM6f402,Series,Hindi,Comedy,30
CJSSHICOM91cd7,Series,Hindi,Comedy,30
CJSSHICOMad862,Series,Hindi,Comedy,30
CJSSHICOMbd55f,Series,Hindi,Comedy,30
CJSSHICOMc793c,Series,Hindi,Comedy,30
CJSSHICOMd3df3,Series,Hindi,Comedy,30
CJSSHICOMea4a0,Series,Hindi,Comedy,30
CJSSHICOMf601c,Series,Hindi,Comedy,30
CJSSHICOMfb73e,Series,Hindi,Comedy,30
CJSSHIDRA0459e,Series,Hindi,Drama,30
CJSSHIDRA2267b,Series,Hindi,Drama,30
CJSSHIDRA32d9b,Series,Hindi,Drama,30
CJSSHIDRA3fd1a,Series,Hindi,Drama,30
CJSSHIDRA503c1,Series,Hindi,Drama,30
CJSSHIDRA6109b,Series,Hindi,Drama,30
CJSSHIDRA655e7,Series,Hindi,Drama,30
CJSSHIDRA7979d,Series,Hindi,Drama,30
CJSSHIDRAa55ff,Series,Hindi,Drama,30
CJSSHIDRAa60b2,Series,Hindi,Drama,30
CJSSHIDRAa60d5,Series,Hindi,Drama,30
CJSSHIDRAbbeee,Series,Hindi,Drama,30
CJSSHIDRAbc6c3,Series,Hindi,Drama,30
CJSSHIDRAc1c53,Series,Hindi,Drama,30
CJSSHIDRAdace5,Series,Hindi,Drama,30
CJSSHIDRAf1016,Series,Hindi,Drama,30
CJSSHIDRAf1036,Series,Hindi,Drama,30
CJSSHIDRAfc578,Series,Hindi,Drama,30
CJSSHIFAN01505,Series,Hindi,Fantasy,30
CJSSHIFAN286aa,Series,Hindi,Fantasy,30
CJSSHIFAN4f33a,Series,Hindi,Fantasy,30
CJSSHIFAN7cea6,Series,Hindi,Fantasy,30
CJSSHIFAN86ed7,Series,Hindi,Fantasy,30
CJSSHIFAN9fc07,Series,Hindi,Fantasy,30
CJSSHIFANa1218,Series,Hindi,Fantasy,30
CJSSHIROM290c3,Series,Hindi,Romance,30
CJSSHIROM35f7b,Series,Hindi,Romance,30
CJSSHIROM4f38c,Series,Hindi,Romance,30
CJSSHIROM57e36,Series,Hindi,Romance,30
CJSSHIROMa3576,Series,Hindi,Romance,30
CJSSHIROMb6f8a,Series,Hindi,Romance,30
CJSSHIROMc546a,Series,Hindi,Romance,30
CJSSHIROMe35a1,Series,Hindi,Romance,30
CJSSHISCI8af14,Series,Hindi,Sci-Fi,30
CJSSHISCIb13a3,Series,Hindi,Sci-Fi,30
CJSSHISCIff570,Series,Hindi,Sci-Fi,30
CJSSHITHR0914f,Series,Hindi,Thriller,30
CJSSHITHR0d863,Series,Hindi,Thriller,30
CJSSHITHR1eb59,Series,Hindi,Thriller,30
CJSSHITHR2206e,Series,Hindi,Thriller,30
CJSSHITHR708ac,Series,Hindi,Thriller,30
CJSSHITHR77f99,Series,Hindi,Thriller,30
CJSSHITHR9b24b,Series,Hindi,Thriller,30
CJSSHITHRd25a4,Series,Hindi,Thriller,30
CJSMHIACT06a1e,Movie,Hindi,Action,90
CJSMHIACT082f2,Movie,Hindi,Action,90
CJSMHIACT31798,Movie,Hindi,Action,90
CJSMHIACT529fa,Movie,Hindi,Action,90
CJSMHIACTba23e,Movie,Hindi,Action,90
CJSMHIADV309c1,Movie,Hindi,Adventure,90
CJSMHIADV79f56,Movie,Hindi,Adventure,90
CJSMHIADV8c5aa,Movie,Hindi,Adventure,90
CJSMHIADVcbb5b,Movie,Hindi,Adventure,90
CJSMHICOM08a5a,Movie,Hindi,Comedy,90
CJSMHICOM28668,Movie,Hindi,Comedy,90
CJSMHICOM3750f,Movie,Hindi,Comedy,90
CJSMHICOM47fea,Movie,Hindi,Comedy,90
CJSMHICOM52cab,Movie,Hindi,Comedy,90
CJSMHICOM805ed,Movie,Hindi,Comedy,90
CJSMHICOM830a4,Movie,Hindi,Comedy,90
CJSMHICOM8ba3e,Movie,Hindi,Comedy,90
CJSMHICOM8ec82,Movie,Hindi,Comedy,90
CJSMHICOM9f256,Movie,Hindi,Comedy,90
CJSMHICOMb22b9,Movie,Hindi,Comedy,90
CJSMHICOMc3d0a,Movie,Hindi,Comedy,90
CJSMHICOMeb67f,Movie,Hindi,Comedy,90
CJSMHICOMf936d,Movie,Hindi,Comedy,90
CJSMHIDRA1017a,Movie,Hindi,Drama,90
CJSMHIDRA2860a,Movie,Hindi,Drama,90
CJSMHIDRA3295d,Movie,Hindi,Drama,90
CJSMHIDRA4c6a9,Movie,Hindi,Drama,90
CJSMHIDRA936cc,Movie,Hindi,Drama,90
CJSMHIDRAa531f,Movie,Hindi,Drama,90
CJSMHIDRAe53f3,Movie,Hindi,Drama,90
CJSMHIDRAe5726,Movie,Hindi,Drama,90
CJSMHIFAN229ba,Movie,Hindi,Fantasy,90
CJSMHIFAN22c06,Movie,Hindi,Fantasy,90
CJSMHIFAN3aa41,Movie,Hindi,Fantasy,90
CJSMHIFANacda8,Movie,Hindi,Fantasy,90
CJSMHIROM32cef,Movie,Hindi,Romance,90
CJSMHIROM69c4f,Movie,Hindi,Romance,90
CJSMHIROM6f85b,Movie,Hindi,Romance,90
CJSMHIROM95fde,Movie,Hindi,Romance,90
CJSMHIROMb7a5d,Movie,Hindi,Romance,90
CJSMHIROMcb964,Movie,Hindi,Romance,90
CJSMHIROMd154d,Movie,Hindi,Romance,90
CJSMHIROMd6105,Movie,Hindi,Romance,90
CJSMHIROMf6598,Movie,Hindi,Romance,90
CJSMHIROMf680a,Movie,Hindi,Romance,90
CJSMHISCI34adc,Movie,Hindi,Sci-Fi,90
CJSMHISCIdb0b3,Movie,Hindi,Sci-Fi,90
CJSMHITHR27f9a,Movie,Hindi,Thriller,90
CJSMHITHR58563,Movie,Hindi,Thriller,90
CJSMHITHRc9a95,Movie,Hindi,Thriller,90
CJSMHITHRdab83,Movie,Hindi,Thriller,90
CJSMHITHRdcad0,Movie,Hindi,Thriller,90
CJSSPHIDOC833f3,Sports,Hindi,Documentaries,90
CJSSPHIDOC8c6f8,Sports,Hindi,Documentaries,90
CJSSPHIDOCb92cc,Sports,Hindi,Documentaries,90
CJSSPHIDOCd9be8,Sports,Hindi,Documentaries,90
CJSSPHILIV00499,Sports,Hindi,Live Matches,90
CJSSPHILIV0c949,Sports,Hindi,Live Matches,90
CJSSPHILIV0fe7d,Sports,Hindi,Live Matches,90
CJSSPHILIV25f4c,Sports,Hindi,Live Matches,90
CJSSPHILIV2dba0,Sports,Hindi,Live Matches,90
CJSSPHILIV30996,Sports,Hindi,Live Matches,90
CJSSPHILIV333da,Sports,Hindi,Live Matches,90
CJSSPHILIV528c0,Sports,Hindi,Live Matches,90
CJSSPHILIV55ef1,Sports,Hindi,Live Matches,90
CJSSPHILIV58db3,Sports,Hindi,Live Matches,90
CJSSPHILIV5fd5a,Sports,Hindi,Live Matches,90
CJSSPHILIV60f45,Sports,Hindi,Live Matches,90
CJSSPHILIV69ce5,Sports,Hindi,Live Matches,90
CJSSPHILIV6b10c,Sports,Hindi,Live Matches,90
CJSSPHILIV6b994,Sports,Hindi,Live Matches,90
CJSSPHILIV71a8a,Sports,Hindi,Live Matches,90
CJSSPHILIV734e7,Sports,Hindi,Live Matches,90
CJSSPHILIV7aaea,Sports,Hindi,Live Matches,90
CJSSPHILIV83b7c,Sports,Hindi,Live Matches,90
CJSSPHILIV8f355,Sports,Hindi,Live Matches,90
CJSSPHILIV91a3b,Sports,Hindi,Live Matches,90
CJSSPHILIV9d27d,Sports,Hindi,Live Matches,90
CJSSPHILIV9f363,Sports,Hindi,Live Matches,90
CJSSPHILIVa19c8,Sports,Hindi,Live Matches,90
CJSSPHILIVa79e4,Sports,Hindi,Live Matches,90
CJSSPHILIVace45,Sports,Hindi,Live Matches,90
CJSSPHILIVb3aab,Sports,Hindi,Live Matches,90
CJSSPHILIVb4e55,Sports,Hindi,Live Matches,90
CJSSPHILIVb64c6,Sports,Hindi,Live Matches,90
CJSSPHILIVb8849,Sports,Hindi,Live Matches,90
CJSSPHILIVb9a60,Sports,Hindi,Live Matches,90
CJSSPHILIVc9608,Sports,Hindi,Live Matches,90
CJSSPHILIVcc92d,Sports,Hindi,Live Matches,90
CJSSPHILIVcd41c,Sports,Hindi,Live Matches,90
CJSSPHILIVce292,Sports,Hindi,Live Matches,90
CJSSPHILIVd6922,Sports,Hindi,Live Matches,90
CJSSPHILIVd6c17,Sports,Hindi,Live Matches,90
CJSSPHILIVdb22b,Sports,Hindi,Live Matches,90
CJSSPHILIVdc6f3,Sports,Hindi,Live Matches,90
CJSSPHILIVe6376,Sports,Hindi,Live Matches,90
CJSSPHILIVe7be9,Sports,Hindi,Live Matches,90
CJSSPHILIVf10de,Sports,Hindi,Live Matches,90
CJSSPHILIVf3d09,Sports,Hindi,Live Matches,90
CJSSPHILIVf5f47,Sports,Hindi,Live Matches,90
CJSSPHILIVfd856,Sports,Hindi,Live Matches,90
CJSSPHILIVfdc50,Sports,Hindi,Live Matches,90
CJSSPHIDOC84dbb,Sports,Hindi,Documentaries,120
CJSSPHIDOCe2e7b,Sports,Hindi,Documentaries,120
CJSSPHILIV0472c,Sports,Hindi,Live Matches,120
CJSSPHILIV0c538,Sports,Hindi,Live Matches,120
CJSSPHILIV0c581,Sports,Hindi,Live Matches,120
CJSSPHILIV0e020,Sports,Hindi,Live Matches,120
CJSSPHILIV13e07,Sports,Hindi,Live Matches,120
CJSSPHILIV1b49d,Sports,Hindi,Live Matches,120
CJSSPHILIV2277a,Sports,Hindi,Live Matches,120
CJSSPHILIV27192,Sports,Hindi,Live Matches,120
CJSSPHILIV28fe3,Sports,Hindi,Live Matches,120
CJSSPHILIV29179,Sports,Hindi,Live Matches,120
CJSSPHILIV2cc58,Sports,Hindi,Live Matches,120
CJSSPHILIV2f63f,Sports,Hindi,Live Matches,120
CJSSPHILIV30244,Sports,Hindi,Live Matches,120
CJSSPHILIV37f2c,Sports,Hindi,Live Matches,120
CJSSPHILIV3c820,Sports,Hindi,Live Matches,120
CJSSPHILIV3ff74,Sports,Hindi,Live Matches,120
CJSSPHILIV40bbe,Sports,Hindi,Live Matches,120
CJSSPHILIV4d429,Sports,Hindi,Live Matches,120
CJSSPHILIV505f9,Sports,Hindi,Live Matches,120
CJSSPHILIV50d4d,Sports,Hindi,Live Matches,120
CJSSPHILIV5492c,Sports,Hindi,Live Matches,120
CJSSPHILIV64687,Sports,Hindi,Live Matches,120
CJSSPHILIV653e9,Sports,Hindi,Live Matches,120
CJSSPHILIV69908,Sports,Hindi,Live Matches,120
CJSSPHILIV8342a,Sports,Hindi,Live Matches,120
CJSSPHILIV87fda,Sports,Hindi,Live Matches,120
CJSSPHILIV8997b,Sports,Hindi,Live Matches,120
CJSSPHILIV89fb0,Sports,Hindi,Live Matches,120
CJSSPHILIV8a026,Sports,Hindi,Live Matches,120
CJSSPHILIV8b42c,Sports,Hindi,Live Matches,120
CJSSPHILIV915e7,Sports,Hindi,Live Matches,120
CJSSPHILIV93ae1,Sports,Hindi,Live Matches,120
CJSSPHILIV95d72,Sports,Hindi,Live Matches,120
CJSSPHILIVa198f,Sports,Hindi,Live Matches,120
CJSSPHILIVa2652,Sports,Hindi,Live Matches,120
CJSSPHILIVa410e,Sports,Hindi,Live Matches,120
CJSSPHILIVb34cb,Sports,Hindi,Live Matches,120
CJSSPHILIVbb4c4,Sports,Hindi,Live Matches,120
CJSSPHILIVc48f4,Sports,Hindi,Live Matches,120
CJSSPHILIVc8026,Sports,Hindi,Live Matches,120
CJSSPHILIVceaf9,Sports,Hindi,Live Matches,120
CJSSPHILIVcebff,Sports,Hindi,Live Matches,120
CJSSPHILIVcfd2f,Sports,Hindi,Live Matches,120
CJSSPHILIVd7f68,Sports,Hindi,Live Matches,120
CJSSPHILIVe6e7d,Sports,Hindi,Live Matches,120
CJSSPHILIVf3f12,Sports,Hindi,Live Matches,120
CJSSPHILIVf7b54,Sports,Hindi,Live Matches,120
CJSSPHILIVf8415,Sports,Hindi,Live Matches,120
CJSSPHILIVf9e71,Sports,Hindi,Live Matches,120
CJSSPHILIVfd3df,Sports,Hindi,Live Matches,120
CJSMHIACT1924e,Movie,Hindi,Action,120
CJSMHIACT2ae32,Movie,Hindi,Action,120
CJSMHIACT53faa,Movie,Hindi,Action,120
CJSMHIACT5b297,Movie,Hindi,Action,120
CJSMHIACT6017b,Movie,Hindi,Action,120
CJSMHIACT689c5,Movie,Hindi,Action,120
CJSMHIACT78d15,Movie,Hindi,Action,120
CJSMHIACT8746b,Movie,Hindi,Action,120
CJSMHIACT87b40,Movie,Hindi,Action,120
CJSMHIACT9a6cd,Movie,Hindi,Action,120
CJSMHIACTa645c,Movie,Hindi,Action,120
CJSMHIACTb170e,Movie,Hindi,Action,120
CJSMHIACTb768c,Movie,Hindi,Action,120
CJSMHIACTb90ee,Movie,Hindi,Action,120
CJSMHIACTbdffb,Movie,Hindi,Action,120
CJSMHIACTbffe4,Movie,Hindi,Action,120
CJSMHIACTc81d0,Movie,Hindi,Action,120
CJSMHIACTc9517,Movie,Hindi,Action,120
CJSMHIACTedc0a,Movie,Hindi,Action,120
CJSMHIACTf336f,Movie,Hindi,Action,120
CJSMHIACTfac07,Movie,Hindi,Action,120
CJSMHIADV55424,Movie,Hindi,Adventure,120
CJSMHIADV57101,Movie,Hindi,Adventure,120
CJSMHIADVc7432,Movie,Hindi,Adventure,120
CJSMHIADVefca7,Movie,Hindi,Adventure,120
CJSMHIADVf827f,Movie,Hindi,Adventure,120
CJSMHICOM01063,Movie,Hindi,Comedy,120
CJSMHICOM0b938,Movie,Hindi,Comedy,120
CJSMHICOM1f76e,Movie,Hindi,Comedy,120
CJSMHICOM22448,Movie,Hindi,Comedy,120
CJSMHICOM341d8,Movie,Hindi,Comedy,120
CJSMHICOM42757,Movie,Hindi,Comedy,120
CJSMHICOM4cc77,Movie,Hindi,Comedy,120
CJSMHICOM5ceb5,Movie,Hindi,Comedy,120
CJSMHICOM60ffb,Movie,Hindi,Comedy,120
CJSMHICOM63711,Movie,Hindi,Comedy,120
CJSMHICOM6419c,Movie,Hindi,Comedy,120
CJSMHICOM66e1e,Movie,Hindi,Comedy,120
CJSMHICOM6b208,Movie,Hindi,Comedy,120
CJSMHICOM7951b,Movie,Hindi,Comedy,120
CJSMHICOM79c6e,Movie,Hindi,Comedy,120
CJSMHICOM84831,Movie,Hindi,Comedy,120
CJSMHICOM939f9,Movie,Hindi,Comedy,120
CJSMHICOM9a118,Movie,Hindi,Comedy,120
CJSMHICOMa0d8d,Movie,Hindi,Comedy,120
CJSMHICOMbf084,Movie,Hindi,Comedy,120
CJSMHICOMcbddc,Movie,Hindi,Comedy,120
CJSMHICOMda453,Movie,Hindi,Comedy,120
CJSMHICOMdd977,Movie,Hindi,Comedy,120
CJSMHICOMde831,Movie,Hindi,Comedy,120
CJSMHICOMe3b33,Movie,Hindi,Comedy,120
CJSMHIDRA0fcde,Movie,Hindi,Drama,120
CJSMHIDRA11a5f,Movie,Hindi,Drama,120
CJSMHIDRA3429b,Movie,Hindi,Drama,120
CJSMHIDRA353ed,Movie,Hindi,Drama,120
CJSMHIDRA35795,Movie,Hindi,Drama,120
CJSMHIDRA46058,Movie,Hindi,Drama,120
CJSMHIDRA54b70,Movie,Hindi,Drama,120
CJSMHIDRA5eafe,Movie,Hindi,Drama,120
CJSMHIDRA6a41f,Movie,Hindi,Drama,120
CJSMHIDRA6b3c5,Movie,Hindi,Drama,120
CJSMHIDRA6ffc0,Movie,Hindi,Drama,120
CJSMHIDRA77e88,Movie,Hindi,Drama,120
CJSMHIDRA7d018,Movie,Hindi,Drama,120
CJSMHIDRA7d847,Movie,Hindi,Drama,120
CJSMHIDRA86397,Movie,Hindi,Drama,120
CJSMHIDRAb2437,Movie,Hindi,Drama,120
CJSMHIDRAb2d4a,Movie,Hindi,Drama,120
CJSMHIDRAbaa49,Movie,Hindi,Drama,120
CJSMHIDRAbd0cc,Movie,Hindi,Drama,120
CJSMHIDRAc0003,Movie,Hindi,Drama,120
CJSMHIDRAc08a6,Movie,Hindi,Drama,120
CJSMHIDRAd7327,Movie,Hindi,Drama,120
CJSMHIDRAe8045,Movie,Hindi,Drama,120
CJSMHIDRAeaa4f,Movie,Hindi,Drama,120
CJSMHIDRAeae78,Movie,Hindi,Drama,120
CJSMHIDRAef9e1,Movie,Hindi,Drama,120
CJSMHIDRAf5f7b,Movie,Hindi,Drama,120
CJSMHIDRAf63e4,Movie,Hindi,Drama,120
CJSMHIFAN040e8,Movie,Hindi,Fantasy,120
CJSMHIFAN19193,Movie,Hindi,Fantasy,120
CJSMHIFAN40420,Movie,Hindi,Fantasy,120
CJSMHIFAN51159,Movie,Hindi,Fantasy,120
CJSMHIFAN5a9c3,Movie,Hindi,Fantasy,120
CJSMHIFAN92b08,Movie,Hindi,Fantasy,120
CJSMHIFAN9a782,Movie,Hindi,Fantasy,120
CJSMHIFANbb92d,Movie,Hindi,Fantasy,120
CJSMHIFANbfa0f,Movie,Hindi,Fantasy,120
CJSMHIFANede08,Movie,Hindi,Fantasy,120
CJSMHIFANfc95e,Movie,Hindi,Fantasy,120
CJSMHIFANfe0fd,Movie,Hindi,Fantasy,120
CJSMHIROM033b0,Movie,Hindi,Romance,120
CJSMHIROM0682d,Movie,Hindi,Romance,120
CJSMHIROM21778,Movie,Hindi,Romance,120
CJSMHIROM3399b,Movie,Hindi,Romance,120
CJSMHIROM6a7db,Movie,Hindi,Romance,120
CJSMHIROM78869,Movie,Hindi,Romance,120
CJSMHIROM803a2,Movie,Hindi,Romance,120
CJSMHIROMa85b7,Movie,Hindi,Romance,120
CJSMHIROMb15ea,Movie,Hindi,Romance,120
CJSMHIROMc09ab,Movie,Hindi,Romance,120
CJSMHIROMc3ce0,Movie,Hindi,Romance,120
CJSMHIROMde4e1,Movie,Hindi,Romance,120
CJSMHIROMe7226,Movie,Hindi,Romance,120
CJSMHIROMf3c52,Movie,Hindi,Romance,120
CJSMHISCI180bd,Movie,Hindi,Sci-Fi,120
CJSMHISCI77478,Movie,Hindi,Sci-Fi,120
CJSMHISCI8761b,Movie,Hindi,Sci-Fi,120
CJSMHISCIb6abe,Movie,Hindi,Sci-Fi,120
CJSMHITHR10f77,Movie,Hindi,Thriller,120
CJSMHITHR2ea11,Movie,Hindi,Thriller,120
CJSMHITHR56ce8,Movie,Hindi,Thriller,120
CJSMHITHR9f6a2,Movie,Hindi,Thriller,120
CJSMHITHRa7004,Movie,Hindi,Thriller,120
CJSMHITHRa9857,Movie,Hindi,Thriller,120
CJSMHITHRb6508,Movie,Hindi,Thriller,120
CJSMHITHRbd8bc,Movie,Hindi,Thriller,120
CJSMHITHRd2834,Movie,Hindi,Thriller,120
CJSSPTADOC61e10,Sports,Tamil,Documentaries,30
CJSSPTAHIG1bd36,Sports,Tamil,Highlights,30
CJSSPTAHIG9f2c1,Sports,Tamil,Highlights,30
CJSSPTEHIG35ed1,Sports,Telugu,Highlights,30
CJSSBECOM9c7f1,Series,Bengali,Comedy,30
CJSSBEDRA46382,Series,Bengali,Drama,30
CJSSBEDRA4a504,Series,Bengali,Drama,30
CJSSBEDRA9035e,Series,Bengali,Drama,30
CJSSBEFAN0c3a6,Series,Bengali,Fantasy,30
CJSSBEFANb7597,Series,Bengali,Fantasy,30
CJSSBEROM6ba87,Series,Bengali,Romance,30
CJSSBETHR1de98,Series,Bengali,Thriller,30
CJSSGUCOM95111,Series,Gujarati,Comedy,30
CJSSGUCOMe87a0,Series,Gujarati,Comedy,30
CJSSGUDRA32e53,Series,Gujarati,Drama,30
CJSSGUDRA4e03f,Series,Gujarati,Drama,30
CJSSGUDRA731a3,Series,Gujarati,Drama,30
CJSSGUDRAc88a7,Series,Gujarati,Drama,30
CJSSGUROM7f983,Series,Gujarati,Romance,30
CJSSKAACT1b6cf,Series,Kannada,Action,30
CJSSKAACT5111d,Series,Kannada,Action,30
CJSSKAACT6d862,Series,Kannada,Action,30
CJSSKAACT8cdc0,Series,Kannada,Action,30
CJSSKAADV13a83,Series,Kannada,Adventure,30
CJSSKAADVd9f81,Series,Kannada,Adventure,30
CJSSKACOM44a36,Series,Kannada,Comedy,30
CJSSKACOM74c9a,Series,Kannada,Comedy,30
CJSSKACOM80eba,Series,Kannada,Comedy,30
CJSSKACOM8c850,Series,Kannada,Comedy,30
CJSSKACOMca732,Series,Kannada,Comedy,30
CJSSKACOMfd11b,Series,Kannada,Comedy,30
CJSSKADRA1d959,Series,Kannada,Drama,30
CJSSKADRA377a4,Series,Kannada,Drama,30
CJSSKADRA63c1a,Series,Kannada,Drama,30
CJSSKADRA826a5,Series,Kannada,Drama,30
CJSSKADRAe3a06,Series,Kannada,Drama,30
CJSSKADRAf623a,Series,Kannada,Drama,30
CJSSKAROM0659f,Series,Kannada,Romance,30
CJSSKAROM423c6,Series,Kannada,Romance,30
CJSSKAROMb3ee5,Series,Kannada,Romance,30
CJSSKAROMcff1c,Series,Kannada,Romance,30
CJSSKASCI7d04e,Series,Kannada,Sci-Fi,30
CJSSKATHRcc8ef,Series,Kannada,Thriller,30
CJSSMLACT40d23,Series,Malayalam,Action,30
CJSSMLCOM0f8e3,Series,Malayalam,Comedy,30
CJSSMLCOM29087,Series,Malayalam,Comedy,30
CJSSMLCOM2d27e,Series,Malayalam,Comedy,30
CJSSMLCOM3ff48,Series,Malayalam,Comedy,30
CJSSMLCOMbc909,Series,Malayalam,Comedy,30
CJSSMLDRA01d10,Series,Malayalam,Drama,30
CJSSMLDRA02447,Series,Malayalam,Drama,30
CJSSMLDRA7c371,Series,Malayalam,Drama,30
CJSSMLDRAaa706,Series,Malayalam,Drama,30
CJSSMLDRAd0e66,Series,Malayalam,Drama,30
CJSSMLDRAf430f,Series,Malayalam,Drama,30
CJSSMLROM11462,Series,Malayalam,Romance,30
CJSSMLROM1800f,Series,Malayalam,Romance,30
CJSSMLROM52e66,Series,Malayalam,Romance,30
CJSSMLSCIdb655,Series,Malayalam,Sci-Fi,30
CJSSMLTHR19ac9,Series,Malayalam,Thriller,30
CJSSMLTHR385df,Series,Malayalam,Thriller,30
CJSSMLTHR4fb09,Series,Malayalam,Thriller,30
CJSSMLTHRb2358,Series,Malayalam,Thriller,30
CJSSMLTHRb32db,Series,Malayalam,Thriller,30
CJSSMLTHRb5ae5,Series,Malayalam,Thriller,30
CJSSMRCOM687aa,Series,Marathi,Comedy,30
CJSSMRCOMcee3d,Series,Marathi,Comedy,30
CJSSMRCOMd70dd,Series,Marathi,Comedy,30
CJSSMRDRA008f5,Series,Marathi,Drama,30
CJSSMRDRA1d6d3,Series,Marathi,Drama,30
CJSSMRDRA3a47f,Series,Marathi,Drama,30
CJSSMRDRA920f3,Series,Marathi,Drama,30
CJSSMRDRAbb8a0,Series,Marathi,Drama,30
CJSSMRDRAd78b3,Series,Marathi,Drama,30
CJSSMRDRAe898d,Series,Marathi,Drama,30
CJSSMRFAM72c73,Series,Marathi,Family,30
CJSSMRFAMb8be6,Series,Marathi,Family,30
CJSSMRROM53bab,Series,Marathi,Romance,30
CJSSMRROMb8b54,Series,Marathi,Romance,30
CJSSMRTHR924b2,Series,Marathi,Thriller,30
CJSSPUADV42e68,Series,Punjabi,Adventure,30
CJSSPUCOM6ca45,Series,Punjabi,Comedy,30
CJSSPUDRA9001d,Series,Punjabi,Drama,30
CJSSPUDRAc474d,Series,Punjabi,Drama,30
CJSSPUDRAe63d6,Series,Punjabi,Drama,30
CJSSPUROMb38cf,Series,Punjabi,Romance,30
CJSSTAACT3c9b2,Series,Tamil,Action,30
CJSSTAACT4572d,Series,Tamil,Action,30
CJSSTAACT50e58,Series,Tamil,Action,30
CJSSTAACT52b08,Series,Tamil,Action,30
CJSSTAACT8bc1a,Series,Tamil,Action,30
CJSSTAACT8e186,Series,Tamil,Action,30
CJSSTAACTa02f7,Series,Tamil,Action,30
CJSSTAACTb1a36,Series,Tamil,Action,30
CJSSTAACTd1b44,Series,Tamil,Action,30
CJSSTAACTe332a,Series,Tamil,Action,30
CJSSTAACTec045,Series,Tamil,Action,30
CJSSTAACTf267a,Series,Tamil,Action,30
CJSSTAACTf7a27,Series,Tamil,Action,30
CJSSTAADV03150,Series,Tamil,Adventure,30
CJSSTACOM13733,Series,Tamil,Comedy,30
CJSSTACOM1e511,Series,Tamil,Comedy,30
CJSSTACOM32467,Series,Tamil,Comedy,30
CJSSTACOM622b4,Series,Tamil,Comedy,30
CJSSTACOMa86ce,Series,Tamil,Comedy,30
CJSSTACOMaa216,Series,Tamil,Comedy,30
CJSSTACOMf8ba5,Series,Tamil,Comedy,30
CJSSTADRA24213,Series,Tamil,Drama,30
CJSSTADRA48c9d,Series,Tamil,Drama,30
CJSSTADRA5da14,Series,Tamil,Drama,30
CJSSTADRAacb1a,Series,Tamil,Drama,30
CJSSTADRAba746,Series,Tamil,Drama,30
CJSSTADRAcc099,Series,Tamil,Drama,30
CJSSTADRAd0a2d,Series,Tamil,Drama,30
CJSSTAFAN3fe71,Series,Tamil,Fantasy,30
CJSSTAFANa549a,Series,Tamil,Fantasy,30
CJSSTAROM01c51,Series,Tamil,Romance,30
CJSSTAROM04179,Series,Tamil,Romance,30
CJSSTAROM37951,Series,Tamil,Romance,30
CJSSTAROM50c1a,Series,Tamil,Romance,30
CJSSTAROM65997,Series,Tamil,Romance,30
CJSSTASCI7d2bc,Series,Tamil,Sci-Fi,30
CJSSTASCI87fff,Series,Tamil,Sci-Fi,30
CJSSTASCI9070a,Series,Tamil,Sci-Fi,30
CJSSTATHR035de,Series,Tamil,Thriller,30
CJSSTATHR0bebf,Series,Tamil,Thriller,30
CJSSTATHR182cd,Series,Tamil,Thriller,30
CJSSTATHR24767,Series,Tamil,Thriller,30
CJSSTATHR57c69,Series,Tamil,Thriller,30
CJSSTATHR7247d,Series,Tamil,Thriller,30
CJSSTATHRa0d6c,Series,Tamil,Thriller,30
CJSSTATHRe7c98,Series,Tamil,Thriller,30
CJSSTEACT007be,Series,Telugu,Action,30
CJSSTEACT0d04e,Series,Telugu,Action,30
CJSSTEACT3988f,Series,Telugu,Action,30
CJSSTEACT428a3,Series,Telugu,Action,30
CJSSTEACT88043,Series,Telugu,Action,30
CJSSTEACT96038,Series,Telugu,Action,30
CJSSTEACTce597,Series,Telugu,Action,30
CJSSTEACTd422f,Series,Telugu,Action,30
CJSSTEACTe6446,Series,Telugu,Action,30
CJSSTEACTf603c,Series,Telugu,Action,30
CJSSTEADV94ae8,Series,Telugu,Adventure,30
CJSSTEADVe14ef,Series,Telugu,Adventure,30
CJSSTEADVe7f71,Series,Telugu,Adventure,30
CJSSTECOM18f56,Series,Telugu,Comedy,30
CJSSTECOM31289,Series,Telugu,Comedy,30
CJSSTECOMbcae3,Series,Telugu,Comedy,30
CJSSTECOMce389,Series,Telugu,Comedy,30
CJSSTECOMd3bea,Series,Telugu,Comedy,30
CJSSTECOMdaf26,Series,Telugu,Comedy,30
CJSSTEDRA123fc,Series,Telugu,Drama,30
CJSSTEDRA19088,Series,Telugu,Drama,30
CJSSTEDRA2320f,Series,Telugu,Drama,30
CJSSTEDRA2fc3e,Series,Telugu,Drama,30
CJSSTEDRA67d84,Series,Telugu,Drama,30
CJSSTEDRA6e286,Series,Telugu,Drama,30
CJSSTEDRA936f2,Series,Telugu,Drama,30
CJSSTEDRAa03af,Series,Telugu,Drama,30
CJSSTEDRAa4b2a,Series,Telugu,Drama,30
CJSSTEDRAfa701,Series,Telugu,Drama,30
CJSSTEFAN39246,Series,Telugu,Fantasy,30
CJSSTEFAN428d7,Series,Telugu,Fantasy,30
CJSSTEFAN7055f,Series,Telugu,Fantasy,30
CJSSTEFAN715f2,Series,Telugu,Fantasy,30
CJSSTEFAN786f5,Series,Telugu,Fantasy,30
CJSSTEROM25078,Series,Telugu,Romance,30
CJSSTEROM2abf2,Series,Telugu,Romance,30
CJSSTEROM4b568,Series,Telugu,Romance,30
CJSSTEROM81915,Series,Telugu,Romance,30
CJSSTEROMdacab,Series,Telugu,Romance,30
CJSSTEROMfa9a6,Series,Telugu,Romance,30
CJSSTESCI08bfa,Series,Telugu,Sci-Fi,30
CJSSTESCIc0696,Series,Telugu,Sci-Fi,30
CJSSTESCIf5911,Series,Telugu,Sci-Fi,30
CJSSTETHR17125,Series,Telugu,Thriller,30
CJSSTETHR8b80e,Series,Telugu,Thriller,30
CJSSTETHRccd4d,Series,Telugu,Thriller,30
CJSSBEACT79f63,Series,Bengali,Action,45
CJSSBEACT820c2,Series,Bengali,Action,45
CJSSBECOM44fe4,Series,Bengali,Comedy,45
CJSSBEDRA0fa14,Series,Bengali,Drama,45
CJSSBEDRA4172f,Series,Bengali,Drama,45
CJSSBEDRA6672c,Series,Bengali,Drama,45
CJSSBEDRAa94b1,Series,Bengali,Drama,45
CJSSBEROM28bd6,Series,Bengali,Romance,45
CJSSBEROMd4483,Series,Bengali,Romance,45
CJSSBETHR9f47e,Series,Bengali,Thriller,45
CJSSGUDRA07f43,Series,Gujarati,Drama,45
CJSSGUDRA121ba,Series,Gujarati,Drama,45
CJSSGUDRA82fa3,Series,Gujarati,Drama,45
CJSSKAACT2898b,Series,Kannada,Action,45
CJSSKACOMf6a08,Series,Kannada,Comedy,45
CJSSKADRA33e69,Series,Kannada,Drama,45
CJSSKADRA660b3,Series,Kannada,Drama,45
CJSSKADRA883c5,Series,Kannada,Drama,45
CJSSKAFAN7e368,Series,Kannada,Fantasy,45
CJSSKAROM242e1,Series,Kannada,Romance,45
CJSSKAROMacc1b,Series,Kannada,Romance,45
CJSSKASCI44bfa,Series,Kannada,Sci-Fi,45
CJSSKATHR8be47,Series,Kannada,Thriller,45
CJSSMLACTa62d4,Series,Malayalam,Action,45
CJSSMLADVb971a,Series,Malayalam,Adventure,45
CJSSMLADVdbdf6,Series,Malayalam,Adventure,45
CJSSMLDRA0eafd,Series,Malayalam,Drama,45
CJSSMLDRA988a8,Series,Malayalam,Drama,45
CJSSMLDRAaf5f9,Series,Malayalam,Drama,45
CJSSMLDRAc7d7f,Series,Malayalam,Drama,45
CJSSMLFANd6428,Series,Malayalam,Fantasy,45
CJSSMLFANf2183,Series,Malayalam,Fantasy,45
CJSSMLSCIefa02,Series,Malayalam,Sci-Fi,45
CJSSMLTHR160d6,Series,Malayalam,Thriller,45
CJSSMRDRA03d89,Series,Marathi,Drama,45
CJSSMRDRA552fe,Series,Marathi,Drama,45
CJSSMRFAN8e514,Series,Marathi,Fantasy,45
CJSSMRSCIf5d28,Series,Marathi,Sci-Fi,45
CJSSMRTHR862e1,Series,Marathi,Thriller,45
CJSSPUACT76fb7,Series,Punjabi,Action,45
CJSSPUCOM04af8,Series,Punjabi,Comedy,45
CJSSPUCOM0d5f3,Series,Punjabi,Comedy,45
CJSSPUCOM94b43,Series,Punjabi,Comedy,45
CJSSPUDRAb7962,Series,Punjabi,Drama,45
CJSSPUDRAc441c,Series,Punjabi,Drama,45
CJSSPUROMacbd1,Series,Punjabi,Romance,45
CJSSTAACT19021,Series,Tamil,Action,45
CJSSTAACT530f7,Series,Tamil,Action,45
CJSSTAACT885a7,Series,Tamil,Action,45
CJSSTAACT8c398,Series,Tamil,Action,45
CJSSTAACTa0bb9,Series,Tamil,Action,45
CJSSTAACTfe0ac,Series,Tamil,Action,45
CJSSTACOM84bce,Series,Tamil,Comedy,45
CJSSTACOM926db,Series,Tamil,Comedy,45
CJSSTACOM93de3,Series,Tamil,Comedy,45
CJSSTACOMbb5cd,Series,Tamil,Comedy,45
CJSSTADRA69e6c,Series,Tamil,Drama,45
CJSSTADRAc895a,Series,Tamil,Drama,45
CJSSTADRAd65aa,Series,Tamil,Drama,45
CJSSTAFAN1db14,Series,Tamil,Fantasy,45
CJSSTAFAN30414,Series,Tamil,Fantasy,45
CJSSTAFANc0f0c,Series,Tamil,Fantasy,45
CJSSTAROM07c75,Series,Tamil,Romance,45
CJSSTAROM5d246,Series,Tamil,Romance,45
CJSSTAROMdbe06,Series,Tamil,Romance,45
CJSSTAROMe56ea,Series,Tamil,Romance,45
CJSSTAROMec03e,Series,Tamil,Romance,45
CJSSTATHR90997,Series,Tamil,Thriller,45
CJSSTATHRc0876,Series,Tamil,Thriller,45
CJSSTEACT24029,Series,Telugu,Action,45
CJSSTEACT78acd,Series,Telugu,Action,45
CJSSTEACT7b3dc,Series,Telugu,Action,45
CJSSTEACT9fe12,Series,Telugu,Action,45
CJSSTEACTc0da7,Series,Telugu,Action,45
CJSSTEACTfdcb7,Series,Telugu,Action,45
CJSSTEADVc0e11,Series,Telugu,Adventure,45
CJSSTECOM778f7,Series,Telugu,Comedy,45
CJSSTECOMbc146,Series,Telugu,Comedy,45
CJSSTEDRAa0267,Series,Telugu,Drama,45
CJSSTEDRAa1880,Series,Telugu,Drama,45
CJSSTEDRAa4644,Series,Telugu,Drama,45
CJSSTEDRAe1e6b,Series,Telugu,Drama,45
CJSSTEROM36a86,Series,Telugu,Romance,45
CJSSTEROM71eb1,Series,Telugu,Romance,45
CJSSTEROM9e65c,Series,Telugu,Romance,45
CJSSTEROMc936f,Series,Telugu,Romance,45
CJSSTESCIb3f7d,Series,Telugu,Sci-Fi,45
CJSSTETHR64f58,Series,Telugu,Thriller,45
CJSSTETHR92817,Series,Telugu,Thriller,45
CJSSTETHRdfb63,Series,Telugu,Thriller,45
CJSSBEDRA14e0d,Series,Bengali,Drama,20
CJSSBEDRAdca7a,Series,Bengali,Drama,20
CJSSBEDRAe898a,Series,Bengali,Drama,20
CJSSBEROMef440,Series,Bengali,Romance,20
CJSSBETHR50d90,Series,Bengali,Thriller,20
CJSSBETHRf438c,Series,Bengali,Thriller,20
CJSSGUACT2f98f,Series,Gujarati,Action,20
CJSSGUCOM1b4f8,Series,Gujarati,Comedy,20
CJSSGUCOM4e0d6,Series,Gujarati,Comedy,20
CJSSGUDRA45be4,Series,Gujarati,Drama,20
CJSSGUDRAf14c5,Series,Gujarati,Drama,20
CJSSGUROMdb32f,Series,Gujarati,Romance,20
CJSSKAACTdf2b1,Series,Kannada,Action,20
CJSSKACOMccc33,Series,Kannada,Comedy,20
CJSSKADRA8d4c1,Series,Kannada,Drama,20
CJSSKADRA9294f,Series,Kannada,Drama,20
CJSSKAFAN778a6,Series,Kannada,Fantasy,20
CJSSKATHR0079a,Series,Kannada,Thriller,20
CJSSKATHR550d6,Series,Kannada,Thriller,20
CJSSMLACTc40f0,Series,Malayalam,Action,20
CJSSMLACTd4a6c,Series,Malayalam,Action,20
CJSSMLCOM15c9a,Series,Malayalam,Comedy,20
CJSSMLDRA285d5,Series,Malayalam,Drama,20
CJSSMLFAN1d9cf,Series,Malayalam,Fantasy,20
CJSSMLFANe5a75,Series,Malayalam,Fantasy,20
CJSSMLROM5b363,Series,Malayalam,Romance,20
CJSSMLTHRcb35a,Series,Malayalam,Thriller,20
CJSSMRADVbd786,Series,Marathi,Adventure,20
CJSSMRCOMf2a8b,Series,Marathi,Comedy,20
CJSSMRDRA28461,Series,Marathi,Drama,20
CJSSMRFAM32fbd,Series,Marathi,Family,20
CJSSPTAHIG1c991,Sports,Tamil,Highlights,20
CJSSPTEHIG47ad0,Sports,Telugu,Highlights,20
CJSSPUACTa9897,Series,Punjabi,Action,20
CJSSPUDRA46a59,Series,Punjabi,Drama,20
CJSSPUDRAf43ec,Series,Punjabi,Drama,20
CJSSTAACT4027e,Series,Tamil,Action,20
CJSSTAACT9fec3,Series,Tamil,Action,20
CJSSTACOMc0b34,Series,Tamil,Comedy,20
CJSSTADRA15e77,Series,Tamil,Drama,20
CJSSTADRAa16ec,Series,Tamil,Drama,20
CJSSTADRAa6025,Series,Tamil,Drama,20
CJSSTADRAd8bfa,Series,Tamil,Drama,20
CJSSTAFAN2d844,Series,Tamil,Fantasy,20
CJSSTAROM1f11c,Series,Tamil,Romance,20
CJSSTAROMd6b95,Series,Tamil,Romance,20
CJSSTASCI3eea6,Series,Tamil,Sci-Fi,20
CJSSTATHR29e46,Series,Tamil,Thriller,20
CJSSTATHR6ac9d,Series,Tamil,Thriller,20
CJSSTEACT2ca2c,Series,Telugu,Action,20
CJSSTEACT414b8,Series,Telugu,Action,20
CJSSTEACT427aa,Series,Telugu,Action,20
CJSSTEACT6550a,Series,Telugu,Action,20
CJSSTEACT919a7,Series,Telugu,Action,20
CJSSTEACTfbcd7,Series,Telugu,Action,20
CJSSTEDRA1bf97,Series,Telugu,Drama,20
CJSSTEDRA2adf9,Series,Telugu,Drama,20
CJSSTEFAN5c429,Series,Telugu,Fantasy,20
CJSSTEFAN7e4f4,Series,Telugu,Fantasy,20
CJSSTEFAN91173,Series,Telugu,Fantasy,20
CJSSTEROM48a28,Series,Telugu,Romance,20
CJSSTEROM6e318,Series,Telugu,Romance,20
CJSSTETHR11c31,Series,Telugu,Thriller,20
CJSSTETHR767c0,Series,Telugu,Thriller,20
CJSSPBEHIG57596,Sports,Bengali,Highlights,10
CJSSPGULIV50f44,Sports,Gujarati,Live Matches,180
CJSSPKAHIG66cb5,Sports,Kannada,Highlights,10
CJSSPKALIV0f570,Sports,Kannada,Live Matches,90
CJSSPKALIV2294f,Sports,Kannada,Live Matches,120
CJSSPKALIV69d06,Sports,Kannada,Live Matches,120
CJSSPKALIV6f7a3,Sports,Kannada,Live Matches,240
CJSSPKALIV77528,Sports,Kannada,Live Matches,120
CJSSPKALIVb70ff,Sports,Kannada,Live Matches,120
CJSSPKALIVbfbaf,Sports,Kannada,Live Matches,90
CJSSPKALIVc6fbb,Sports,Kannada,Live Matches,120
CJSSPKALIVddff8,Sports,Kannada,Live Matches,120
CJSSPMLHIG22796,Sports,Malayalam,Highlights,15
CJSSPMLLIV44f6f,Sports,Malayalam,Live Matches,300
CJSSPMLLIV50557,Sports,Malayalam,Live Matches,180
CJSSPMLLIV8932a,Sports,Malayalam,Live Matches,120
CJSSPMLLIVce9af,Sports,Malayalam,Live Matches,300
CJSSPMLLIVd5699,Sports,Malayalam,Live Matches,90
CJSSPMLLIVe302c,Sports,Malayalam,Live Matches,120
CJSSPMRLIV4fd5f,Sports,Marathi,Live Matches,120
CJSSPMRLIV54f3d,Sports,Marathi,Live Matches,300
CJSSPMRLIV97893,Sports,Marathi,Live Matches,180
CJSSPTADOC1c4d2,Sports,Tamil,Documentaries,90
CJSSPTADOC4e71a,Sports,Tamil,Documentaries,60
CJSSPTADOCa9ecf,Sports,Tamil,Documentaries,60
CJSSPTAHIG300df,Sports,Tamil,Highlights,15
CJSSPTAHIG7cc42,Sports,Tamil,Highlights,15
CJSSPTAHIG847c1,Sports,Tamil,Highlights,15
CJSSPTAHIG9da67,Sports,Tamil,Highlights,10
CJSSPTALIV0aae8,Sports,Tamil,Live Matches,180
CJSSPTALIV0fc86,Sports,Tamil,Live Matches,90
CJSSPTALIV144ee,Sports,Tamil,Live Matches,180
CJSSPTALIV15155,Sports,Tamil,Live Matches,120
CJSSPTALIV46501,Sports,Tamil,Live Matches,120
CJSSPTALIV4f8dd,Sports,Tamil,Live Matches,90
CJSSPTALIV5544c,Sports,Tamil,Live Matches,90
CJSSPTALIV7a85b,Sports,Tamil,Live Matches,180
CJSSPTALIV9c61a,Sports,Tamil,Live Matches,90
CJSSPTALIV9d90b,Sports,Tamil,Live Matches,120
CJSSPTALIVa78b7,Sports,Tamil,Live Matches,90
CJSSPTALIVb038e,Sports,Tamil,Live Matches,90
CJSSPTALIVb2acb,Sports,Tamil,Live Matches,120
CJSSPTALIVba428,Sports,Tamil,Live Matches,300
CJSSPTALIVd5c6f,Sports,Tamil,Live Matches,120
CJSSPTALIVe26d1,Sports,Tamil,Live Matches,120
CJSSPTALIVfc168,Sports,Tamil,Live Matches,180
CJSSPTEDOCcdda3,Sports,Telugu,Documentaries,120
CJSSPTEDOCd72bd,Sports,Telugu,Documentaries,60
CJSSPTEHIGf0083,Sports,Telugu,Highlights,15
CJSSPTELIV0b8df,Sports,Telugu,Live Matches,180
CJSSPTELIV0f824,Sports,Telugu,Live Matches,180
CJSSPTELIV153ab,Sports,Telugu,Live Matches,180
CJSSPTELIV15ceb,Sports,Telugu,Live Matches,180
CJSSPTELIV1b9a7,Sports,Telugu,Live Matches,180
CJSSPTELIV226bd,Sports,Telugu,Live Matches,90
CJSSPTELIV24e20,Sports,Telugu,Live Matches,120
CJSSPTELIV50047,Sports,Telugu,Live Matches,180
CJSSPTELIV60a87,Sports,Telugu,Live Matches,180
CJSSPTELIV6592e,Sports,Telugu,Live Matches,90
CJSSPTELIV6ec4a,Sports,Telugu,Live Matches,120
CJSSPTELIV747ac,Sports,Telugu,Live Matches,300
CJSSPTELIV7bd8c,Sports,Telugu,Live Matches,240
CJSSPTELIVa6c0e,Sports,Telugu,Live Matches,240
CJSSPTELIVc5f6c,Sports,Telugu,Live Matches,180
CJSSPTELIVf7cd3,Sports,Telugu,Live Matches,180
CJSMBEDRA9a726,Movie,Bengali,Drama,180
CJSMBETHR7f34f,Movie,Bengali,Thriller,180
CJSMKADRA1be92,Movie,Kannada,Drama,180
CJSMKADRA6e971,Movie,Kannada,Drama,180
CJSMKADRAa72d6,Movie,Kannada,Drama,180
CJSMMLACTeae10,Movie,Malayalam,Action,180
CJSMMLTHR3ac0e,Movie,Malayalam,Thriller,180
CJSMMRDRAc36f2,Movie,Marathi,Drama,180
CJSMMRDRAd8cd4,Movie,Marathi,Drama,180
CJSMMRDRAf0f96,Movie,Marathi,Drama,180
CJSMMRFAM4337b,Movie,Marathi,Family,180
CJSMMRFAM4ae75,Movie,Marathi,Family,180
CJSMMRSCI0bffa,Movie,Marathi,Sci-Fi,180
CJSMTACOMbd811,Movie,Tamil,Comedy,180
CJSMTAFAN676a3,Movie,Tamil,Fantasy,180
CJSMTASCI01bc6,Movie,Tamil,Sci-Fi,180
CJSMTEACTb626a,Movie,Telugu,Action,180
CJSMTEADV0e66a,Movie,Telugu,Adventure,180
CJSMTECOMe7c85,Movie,Telugu,Comedy,180
CJSMTEDRAd3dbe,Movie,Telugu,Drama,180
CJSMTEFAN854ea,Movie,Telugu,Fantasy,180
CJSMTEFANc6dbf,Movie,Telugu,Fantasy,180
CJSMTEROM57622,Movie,Telugu,Romance,180
CJSMTESCI10156,Movie,Telugu,Sci-Fi,180
CJSMBEDRA3f060,Movie,Bengali,Drama,150
CJSMBEFAN5adb5,Movie,Bengali,Fantasy,150
CJSMKAACT5d07b,Movie,Kannada,Action,150
CJSMKAACTe1f95,Movie,Kannada,Action,150
CJSMKAADV6f6cc,Movie,Kannada,Adventure,150
CJSMKACOM641ac,Movie,Kannada,Comedy,150
CJSMKACOMda535,Movie,Kannada,Comedy,150
CJSMKADRA1deff,Movie,Kannada,Drama,150
CJSMKADRA80f38,Movie,Kannada,Drama,150
CJSMKADRA84bf7,Movie,Kannada,Drama,150
CJSMKADRA91722,Movie,Kannada,Drama,150
CJSMKAROM2e5f7,Movie,Kannada,Romance,150
CJSMKASCI3ee09,Movie,Kannada,Sci-Fi,150
CJSMKASCI899ec,Movie,Kannada,Sci-Fi,150
CJSMKATHRf1f0e,Movie,Kannada,Thriller,150
CJSMMLACTc3f28,Movie,Malayalam,Action,150
CJSMMLADV6b956,Movie,Malayalam,Adventure,150
CJSMMLADV7888a,Movie,Malayalam,Adventure,150
CJSMMLADVa871d,Movie,Malayalam,Adventure,150
CJSMMLCOM39096,Movie,Malayalam,Comedy,150
CJSMMLCOMafb75,Movie,Malayalam,Comedy,150
CJSMMLCOMb9735,Movie,Malayalam,Comedy,150
CJSMMLCOMf4e27,Movie,Malayalam,Comedy,150
CJSMMLDRA22775,Movie,Malayalam,Drama,150
CJSMMLDRA3bb12,Movie,Malayalam,Drama,150
CJSMMLDRA494a2,Movie,Malayalam,Drama,150
CJSMMLDRA9d7e1,Movie,Malayalam,Drama,150
CJSMMLDRAa7c8b,Movie,Malayalam,Drama,150
CJSMMLDRAe5627,Movie,Malayalam,Drama,150
CJSMMLFAN43b64,Movie,Malayalam,Fantasy,150
CJSMMLTHR186b4,Movie,Malayalam,Thriller,150
CJSMMLTHR576d8,Movie,Malayalam,Thriller,150
CJSMMRADV94390,Movie,Marathi,Adventure,150
CJSMMRCOM3d5c8,Movie,Marathi,Comedy,150
CJSMMRCOM7f9d9,Movie,Marathi,Comedy,150
CJSMMRDRA0fbb9,Movie,Marathi,Drama,150
CJSMMRDRA270f1,Movie,Marathi,Drama,150
CJSMMRDRA563f7,Movie,Marathi,Drama,150
CJSMMRDRA9db0a,Movie,Marathi,Drama,150
CJSMMRFAM47407,Movie,Marathi,Family,150
CJSMMRROM3bd10,Movie,Marathi,Romance,150
CJSMMRROM7c4c3,Movie,Marathi,Romance,150
CJSMMRROMbb0be,Movie,Marathi,Romance,150
CJSMPUDRA8e66c,Movie,Punjabi,Drama,150
CJSMTAACT772de,Movie,Tamil,Action,150
CJSMTAACT89973,Movie,Tamil,Action,150
CJSMTAACT907c8,Movie,Tamil,Action,150
CJSMTAACTcdcd1,Movie,Tamil,Action,150
CJSMTACOM1105c,Movie,Tamil,Comedy,150
CJSMTACOM9fe85,Movie,Tamil,Comedy,150
CJSMTACOMe0a49,Movie,Tamil,Comedy,150
CJSMTADRA0a099,Movie,Tamil,Drama,150
CJSMTADRA19b93,Movie,Tamil,Drama,150
CJSMTADRA2c1f1,Movie,Tamil,Drama,150
CJSMTADRA3d021,Movie,Tamil,Drama,150
CJSMTADRAe5132,Movie,Tamil,Drama,150
CJSMTAFANa8801,Movie,Tamil,Fantasy,150
CJSMTAROM1d702,Movie,Tamil,Romance,150
CJSMTAROM3e261,Movie,Tamil,Romance,150
CJSMTAROM4952b,Movie,Tamil,Romance,150
CJSMTAROM8c3a1,Movie,Tamil,Romance,150
CJSMTAROMc50d8,Movie,Tamil,Romance,150
CJSMTAROMfeac8,Movie,Tamil,Romance,150
CJSMTASCI184de,Movie,Tamil,Sci-Fi,150
CJSMTATHR2a9a1,Movie,Tamil,Thriller,150
CJSMTATHRca6f2,Movie,Tamil,Thriller,150
CJSMTEACT036f3,Movie,Telugu,Action,150
CJSMTEACT40f7a,Movie,Telugu,Action,150
CJSMTEACTaaedd,Movie,Telugu,Action,150
CJSMTEACTaefef,Movie,Telugu,Action,150
CJSMTEACTccdbb,Movie,Telugu,Action,150
CJSMTEACTf6428,Movie,Telugu,Action,150
CJSMTEACTf8f1a,Movie,Telugu,Action,150
CJSMTEADV2fe1c,Movie,Telugu,Adventure,150
CJSMTEADVb4597,Movie,Telugu,Adventure,150
CJSMTECOMed061,Movie,Telugu,Comedy,150
CJSMTECOMeec17,Movie,Telugu,Comedy,150
CJSMTEDRA0baec,Movie,Telugu,Drama,150
CJSMTEDRA9e388,Movie,Telugu,Drama,150
CJSMTEDRAb6d07,Movie,Telugu,Drama,150
CJSMTEFAN84763,Movie,Telugu,Fantasy,150
CJSMTEFANb8992,Movie,Telugu,Fantasy,150
CJSMTEFANed0fb,Movie,Telugu,Fantasy,150
CJSMTEFANedc3e,Movie,Telugu,Fantasy,150
CJSMTEROM84a0d,Movie,Telugu,Romance,150
CJSMTEROM9a412,Movie,Telugu,Romance,150
CJSMTEROMa58f1,Movie,Telugu,Romance,150
CJSMTEROMbb5ae,Movie,Telugu,Romance,150
CJSMTEROMc7056,Movie,Telugu,Romance,150
CJSMTEROMd2027,Movie,Telugu,Romance,150
CJSMTEROMd5d88,Movie,Telugu,Romance,150
CJSMTEROMf0db8,Movie,Telugu,Romance,150
CJSMTETHR39523,Movie,Telugu,Thriller,150
CJSMTETHR5c20f,Movie,Telugu,Thriller,150
CJSMTETHRfa1cb,Movie,Telugu,Thriller,150
CJSMBEACT34aec,Movie,Bengali,Action,135
CJSMBECOM5431a,Movie,Bengali,Comedy,135
CJSMBEDRA79ce1,Movie,Bengali,Drama,135
CJSMBEDRAc906a,Movie,Bengali,Drama,135
CJSMBEDRAec743,Movie,Bengali,Drama,135
CJSMBEFAN9ac36,Movie,Bengali,Fantasy,135
CJSMBEROM3e538,Movie,Bengali,Romance,135
CJSMBEROM43bcc,Movie,Bengali,Romance,135
CJSMBESCI14486,Movie,Bengali,Sci-Fi,135
CJSMBETHR31a11,Movie,Bengali,Thriller,135
CJSMBETHR98ac8,Movie,Bengali,Thriller,135
CJSMGUDRA47a9a,Movie,Gujarati,Drama,135
CJSMGUDRA6f04a,Movie,Gujarati,Drama,135
CJSMKAACT346d5,Movie,Kannada,Action,135
CJSMKACOM965e7,Movie,Kannada,Comedy,135
CJSMKACOMab8ca,Movie,Kannada,Comedy,135
CJSMKADRA69e70,Movie,Kannada,Drama,135
CJSMKADRAf964f,Movie,Kannada,Drama,135
CJSMKAFAN8f9b9,Movie,Kannada,Fantasy,135
CJSMKAROM19697,Movie,Kannada,Romance,135
CJSMKAROM2d6fa,Movie,Kannada,Romance,135
CJSMKAROMb317a,Movie,Kannada,Romance,135
CJSMKASCI6d694,Movie,Kannada,Sci-Fi,135
CJSMKATHRf3096,Movie,Kannada,Thriller,135
CJSMMLCOM6e76c,Movie,Malayalam,Comedy,135
CJSMMLCOM80fdb,Movie,Malayalam,Comedy,135
CJSMMLDRA212c6,Movie,Malayalam,Drama,135
CJSMMLDRAbaf74,Movie,Malayalam,Drama,135
CJSMMLFAN86145,Movie,Malayalam,Fantasy,135
CJSMMLROM5bb86,Movie,Malayalam,Romance,135
CJSMMLROMd95a8,Movie,Malayalam,Romance,135
CJSMMLSCI132ef,Movie,Malayalam,Sci-Fi,135
CJSMMLTHRe90f2,Movie,Malayalam,Thriller,135
CJSMMRCOM6b097,Movie,Marathi,Comedy,135
CJSMMRDRA47059,Movie,Marathi,Drama,135
CJSMMRDRA6f5cd,Movie,Marathi,Drama,135
CJSMMRDRA77345,Movie,Marathi,Drama,135
CJSMMRDRAbd535,Movie,Marathi,Drama,135
CJSMMRDRAe5f8e,Movie,Marathi,Drama,135
CJSMMRDRAe6abd,Movie,Marathi,Drama,135
CJSMMRFAMd62cb,Movie,Marathi,Family,135
CJSMMRFAMe055b,Movie,Marathi,Family,135
CJSMMRFANb752c,Movie,Marathi,Fantasy,135
CJSMPUCOM15fb2,Movie,Punjabi,Comedy,135
CJSMPUDRA448e3,Movie,Punjabi,Drama,135
CJSMPUDRAb0958,Movie,Punjabi,Drama,135
CJSMPUROM233f2,Movie,Punjabi,Romance,135
CJSMTAACT0d1db,Movie,Tamil,Action,135
CJSMTAACT1e1a2,Movie,Tamil,Action,135
CJSMTAACT47dc2,Movie,Tamil,Action,135
CJSMTAACT90f86,Movie,Tamil,Action,135
CJSMTAACTb85d4,Movie,Tamil,Action,135
CJSMTAACTff6f3,Movie,Tamil,Action,135
CJSMTAADV621ca,Movie,Tamil,Adventure,135
CJSMTACOM3306b,Movie,Tamil,Comedy,135
CJSMTACOM7a438,Movie,Tamil,Comedy,135
CJSMTACOM81d4a,Movie,Tamil,Comedy,135
CJSMTACOM9ffee,Movie,Tamil,Comedy,135
CJSMTACOMb6c5e,Movie,Tamil,Comedy,135
CJSMTACOMba6d3,Movie,Tamil,Comedy,135
CJSMTACOMda905,Movie,Tamil,Comedy,135
CJSMTADRA4eccc,Movie,Tamil,Drama,135
CJSMTADRA9dd4c,Movie,Tamil,Drama,135
CJSMTADRAa79d2,Movie,Tamil,Drama,135
CJSMTAFAN00f33,Movie,Tamil,Fantasy,135
CJSMTAROM0932e,Movie,Tamil,Romance,135
CJSMTAROMac180,Movie,Tamil,Romance,135
CJSMTAROMe8b99,Movie,Tamil,Romance,135
CJSMTASCIfe414,Movie,Tamil,Sci-Fi,135
CJSMTATHR34505,Movie,Tamil,Thriller,135
CJSMTATHR350e5,Movie,Tamil,Thriller,135
CJSMTATHR59e80,Movie,Tamil,Thriller,135
CJSMTATHRc7201,Movie,Tamil,Thriller,135
CJSMTATHRe2daf,Movie,Tamil,Thriller,135
CJSMTATHRf7418,Movie,Tamil,Thriller,135
CJSMTEACT1ac75,Movie,Telugu,Action,135
CJSMTEACT20a3f,Movie,Telugu,Action,135
CJSMTEACT235df,Movie,Telugu,Action,135
CJSMTEACT64350,Movie,Telugu,Action,135
CJSMTEACT7f368,Movie,Telugu,Action,135
CJSMTEACT8c455,Movie,Telugu,Action,135
CJSMTEACTae72c,Movie,Telugu,Action,135
CJSMTEACTed8ea,Movie,Telugu,Action,135
CJSMTEADVa5b1e,Movie,Telugu,Adventure,135
CJSMTEADVdf60a,Movie,Telugu,Adventure,135
CJSMTECOM1c908,Movie,Telugu,Comedy,135
CJSMTECOM40906,Movie,Telugu,Comedy,135
CJSMTECOM4388f,Movie,Telugu,Comedy,135
CJSMTEDRA05c15,Movie,Telugu,Drama,135
CJSMTEDRA3967e,Movie,Telugu,Drama,135
CJSMTEDRA442fb,Movie,Telugu,Drama,135
CJSMTEDRAd9001,Movie,Telugu,Drama,135
CJSMTEDRAf4351,Movie,Telugu,Drama,135
CJSMTEDRAfde1c,Movie,Telugu,Drama,135
CJSMTEFAN3155d,Movie,Telugu,Fantasy,135
CJSMTEFAN86597,Movie,Telugu,Fantasy,135
CJSMTEROMd64f1,Movie,Telugu,Romance,135
CJSMTESCI864d6,Movie,Telugu,Sci-Fi,135
CJSMTESCI90c69,Movie,Telugu,Sci-Fi,135
CJSMTETHRcf75f,Movie,Telugu,Thriller,135
CJSMBEACT2e633,Movie,Bengali,Action,90
CJSMBEDRA46aa5,Movie,Bengali,Drama,90
CJSMBEROM29b4f,Movie,Bengali,Romance,90
CJSMBEROMeaa25,Movie,Bengali,Romance,90
CJSMGUACT676a9,Movie,Gujarati,Action,90
CJSMGUCOM7ec8d,Movie,Gujarati,Comedy,90
CJSMGUDRA7c96e,Movie,Gujarati,Drama,90
CJSMGUDRAf1da2,Movie,Gujarati,Drama,90
CJSMKAACT082c6,Movie,Kannada,Action,90
CJSMKAACT2d4a8,Movie,Kannada,Action,90
CJSMKAACTd8020,Movie,Kannada,Action,90
CJSMKACOM2349f,Movie,Kannada,Comedy,90
CJSMKACOM353f3,Movie,Kannada,Comedy,90
CJSMKACOMad1d3,Movie,Kannada,Comedy,90
CJSMKACOMe7fce,Movie,Kannada,Comedy,90
CJSMKADRAc5b3e,Movie,Kannada,Drama,90
CJSMKADRAde91d,Movie,Kannada,Drama,90
CJSMKADRAf879d,Movie,Kannada,Drama,90
CJSMKAFAN6bbdd,Movie,Kannada,Fantasy,90
CJSMKAFANfe0d1,Movie,Kannada,Fantasy,90
CJSMKAROM4601d,Movie,Kannada,Romance,90
CJSMKAROMca586,Movie,Kannada,Romance,90
CJSMKAROMf1f9a,Movie,Kannada,Romance,90
CJSMKATHR1de34,Movie,Kannada,Thriller,90
CJSMKATHR5b90e,Movie,Kannada,Thriller,90
CJSMMLACT959e2,Movie,Malayalam,Action,90
CJSMMLACTd70b0,Movie,Malayalam,Action,90
CJSMMLCOM28a95,Movie,Malayalam,Comedy,90
CJSMMLCOM7942a,Movie,Malayalam,Comedy,90
CJSMMLCOMc0d94,Movie,Malayalam,Comedy,90
CJSMMLDRA266bb,Movie,Malayalam,Drama,90
CJSMMLDRAa87ce,Movie,Malayalam,Drama,90
CJSMMLDRAbbf21,Movie,Malayalam,Drama,90
CJSMMLDRAc2a29,Movie,Malayalam,Drama,90
CJSMMLFANbe6af,Movie,Malayalam,Fantasy,90
CJSMMLFANc791f,Movie,Malayalam,Fantasy,90
CJSMMLFANffe16,Movie,Malayalam,Fantasy,90
CJSMMLROMd39c4,Movie,Malayalam,Romance,90
CJSMMLSCIfc17f,Movie,Malayalam,Sci-Fi,90
CJSMMLTHR106c1,Movie,Malayalam,Thriller,90
CJSMMLTHR2fa17,Movie,Malayalam,Thriller,90
CJSMMLTHR7203f,Movie,Malayalam,Thriller,90
CJSMMLTHRc6b06,Movie,Malayalam,Thriller,90
CJSMMLTHRe7c53,Movie,Malayalam,Thriller,90
CJSMMRADV2b250,Movie,Marathi,Adventure,90
CJSMMRDRA125fb,Movie,Marathi,Drama,90
CJSMMRDRAe8b66,Movie,Marathi,Drama,90
CJSMMRFAM04f89,Movie,Marathi,Family,90
CJSMMRTHRfc63f,Movie,Marathi,Thriller,90
CJSMPUDRA8f158,Movie,Punjabi,Drama,90
CJSMTAACT1209c,Movie,Tamil,Action,90
CJSMTAACT41508,Movie,Tamil,Action,90
CJSMTAACT59449,Movie,Tamil,Action,90
CJSMTAACT73cb2,Movie,Tamil,Action,90
CJSMTAACT8693f,Movie,Tamil,Action,90
CJSMTAACT99ba2,Movie,Tamil,Action,90
CJSMTAACTbd35f,Movie,Tamil,Action,90
CJSMTAACTc9311,Movie,Tamil,Action,90
CJSMTACOM25233,Movie,Tamil,Comedy,90
CJSMTACOMb4c32,Movie,Tamil,Comedy,90
CJSMTACOMfc08d,Movie,Tamil,Comedy,90
CJSMTADRA009be,Movie,Tamil,Drama,90
CJSMTADRA06cc3,Movie,Tamil,Drama,90
CJSMTADRA1fdb9,Movie,Tamil,Drama,90
CJSMTADRA34524,Movie,Tamil,Drama,90
CJSMTADRA550b3,Movie,Tamil,Drama,90
CJSMTADRAc474b,Movie,Tamil,Drama,90
CJSMTADRAcba6c,Movie,Tamil,Drama,90
CJSMTAFAN0d2a5,Movie,Tamil,Fantasy,90
CJSMTAFAN5d29d,Movie,Tamil,Fantasy,90
CJSMTAFAN9e431,Movie,Tamil,Fantasy,90
CJSMTAFANbc038,Movie,Tamil,Fantasy,90
CJSMTAFANe7c72,Movie,Tamil,Fantasy,90
CJSMTAFANf1494,Movie,Tamil,Fantasy,90
CJSMTAROM3eaa3,Movie,Tamil,Romance,90
CJSMTAROM819cc,Movie,Tamil,Romance,90
CJSMTAROM8da62,Movie,Tamil,Romance,90
CJSMTATHR1e348,Movie,Tamil,Thriller,90
CJSMTATHR27d63,Movie,Tamil,Thriller,90
CJSMTATHR3e7db,Movie,Tamil,Thriller,90
CJSMTATHR54ece,Movie,Tamil,Thriller,90
CJSMTATHR57aa9,Movie,Tamil,Thriller,90
CJSMTEACT461d6,Movie,Telugu,Action,90
CJSMTEACT78571,Movie,Telugu,Action,90
CJSMTEACT934e2,Movie,Telugu,Action,90
CJSMTEACT9a7c9,Movie,Telugu,Action,90
CJSMTEACTd04ed,Movie,Telugu,Action,90
CJSMTEADVa9f90,Movie,Telugu,Adventure,90
CJSMTECOM38e67,Movie,Telugu,Comedy,90
CJSMTECOM9aae8,Movie,Telugu,Comedy,90
CJSMTEDRA3479d,Movie,Telugu,Drama,90
CJSMTEDRA7930c,Movie,Telugu,Drama,90
CJSMTEDRAa1d1d,Movie,Telugu,Drama,90
CJSMTEDRAa7abf,Movie,Telugu,Drama,90
CJSMTEDRAcde64,Movie,Telugu,Drama,90
CJSMTEDRAe9217,Movie,Telugu,Drama,90
CJSMTEFANa368f,Movie,Telugu,Fantasy,90
CJSMTEFANe9802,Movie,Telugu,Fantasy,90
CJSMTEROM04bdc,Movie,Telugu,Romance,90
CJSMTEROM94311,Movie,Telugu,Romance,90
CJSMTEROMefc22,Movie,Telugu,Romance,90
CJSMTESCI41445,Movie,Telugu,Sci-Fi,90
CJSMTESCIf2447,Movie,Telugu,Sci-Fi,90
CJSMTETHR23634,Movie,Telugu,Thriller,90
CJSMTETHR9a23c,Movie,Telugu,Thriller,90
CJSMBEACT83b46,Movie,Bengali,Action,120
CJSMBECOM12e7a,Movie,Bengali,Comedy,120
CJSMBECOMcef10,Movie,Bengali,Comedy,120
CJSMBEDRA73058,Movie,Bengali,Drama,120
CJSMBEDRAa18a0,Movie,Bengali,Drama,120
CJSMBEDRAa5c89,Movie,Bengali,Drama,120
CJSMBEDRAda274,Movie,Bengali,Drama,120
CJSMBEDRAde98b,Movie,Bengali,Drama,120
CJSMBEFAN32a83,Movie,Bengali,Fantasy,120
CJSMBEROM329ec,Movie,Bengali,Romance,120
CJSMBEROM50389,Movie,Bengali,Romance,120
CJSMBEROM6c4d9,Movie,Bengali,Romance,120
CJSMBETHR3b468,Movie,Bengali,Thriller,120
CJSMBETHRaaffe,Movie,Bengali,Thriller,120
CJSMBETHRba1a7,Movie,Bengali,Thriller,120
CJSMBETHRd986e,Movie,Bengali,Thriller,120
CJSMGUCOM5f432,Movie,Gujarati,Comedy,120
CJSMGUDRA0fe26,Movie,Gujarati,Drama,120
CJSMGUDRA1497c,Movie,Gujarati,Drama,120
CJSMGUDRA5c5e8,Movie,Gujarati,Drama,120
CJSMGUROMf92e6,Movie,Gujarati,Romance,120
CJSMKAACT06248,Movie,Kannada,Action,120
CJSMKAACT582c9,Movie,Kannada,Action,120
CJSMKAACT602e8,Movie,Kannada,Action,120
CJSMKAACT8de81,Movie,Kannada,Action,120
CJSMKAADV0b41c,Movie,Kannada,Adventure,120
CJSMKAADV3a415,Movie,Kannada,Adventure,120
CJSMKACOM54641,Movie,Kannada,Comedy,120
CJSMKACOM59c9f,Movie,Kannada,Comedy,120
CJSMKACOM5c06d,Movie,Kannada,Comedy,120
CJSMKACOM7e8f3,Movie,Kannada,Comedy,120
CJSMKACOMba500,Movie,Kannada,Comedy,120
CJSMKACOMf2ef3,Movie,Kannada,Comedy,120
CJSMKADRA1dcb2,Movie,Kannada,Drama,120
CJSMKADRA252f5,Movie,Kannada,Drama,120
CJSMKADRA31e01,Movie,Kannada,Drama,120
CJSMKADRA4b361,Movie,Kannada,Drama,120
CJSMKADRA613c9,Movie,Kannada,Drama,120
CJSMKADRAcc180,Movie,Kannada,Drama,120
CJSMKADRAccd32,Movie,Kannada,Drama,120
CJSMKADRAd206d,Movie,Kannada,Drama,120
CJSMKAROM7ee34,Movie,Kannada,Romance,120
CJSMKAROMda382,Movie,Kannada,Romance,120
CJSMKAROMdacba,Movie,Kannada,Romance,120
CJSMKATHR8d1bd,Movie,Kannada,Thriller,120
CJSMKATHRbf337,Movie,Kannada,Thriller,120
CJSMKATHRca653,Movie,Kannada,Thriller,120
CJSMMLACT293f8,Movie,Malayalam,Action,120
CJSMMLACT2fadf,Movie,Malayalam,Action,120
CJSMMLACT47651,Movie,Malayalam,Action,120
CJSMMLCOM39941,Movie,Malayalam,Comedy,120
CJSMMLDRA36004,Movie,Malayalam,Drama,120
CJSMMLDRA3b3b0,Movie,Malayalam,Drama,120
CJSMMLDRA8ad78,Movie,Malayalam,Drama,120
CJSMMLDRAaa5a6,Movie,Malayalam,Drama,120
CJSMMLDRAb55f8,Movie,Malayalam,Drama,120
CJSMMLDRAe80b3,Movie,Malayalam,Drama,120
CJSMMLDRAead92,Movie,Malayalam,Drama,120
CJSMMLFAN9ab54,Movie,Malayalam,Fantasy,120
CJSMMLFANbe4cd,Movie,Malayalam,Fantasy,120
CJSMMLROM261f5,Movie,Malayalam,Romance,120
CJSMMLROM99f7d,Movie,Malayalam,Romance,120
CJSMMLROMa7dbe,Movie,Malayalam,Romance,120
CJSMMLROMc3dc9,Movie,Malayalam,Romance,120
CJSMMLSCIece43,Movie,Malayalam,Sci-Fi,120
CJSMMLTHR0b707,Movie,Malayalam,Thriller,120
CJSMMLTHR334e3,Movie,Malayalam,Thriller,120
CJSMMLTHR4406c,Movie,Malayalam,Thriller,120
CJSMMLTHRdd876,Movie,Malayalam,Thriller,120
CJSMMLTHRec78e,Movie,Malayalam,Thriller,120
CJSMMRCOM2486c,Movie,Marathi,Comedy,120
CJSMMRCOM946e6,Movie,Marathi,Comedy,120
CJSMMRCOM99705,Movie,Marathi,Comedy,120
CJSMMRCOM99a5b,Movie,Marathi,Comedy,120
CJSMMRCOM9bf1f,Movie,Marathi,Comedy,120
CJSMMRCOMc4011,Movie,Marathi,Comedy,120
CJSMMRDRA162ac,Movie,Marathi,Drama,120
CJSMMRDRA43294,Movie,Marathi,Drama,120
CJSMMRFAM38518,Movie,Marathi,Family,120
CJSMMRFAN5a011,Movie,Marathi,Fantasy,120
CJSMMRROMb852e,Movie,Marathi,Romance,120
CJSMMRSCI0c910,Movie,Marathi,Sci-Fi,120
CJSMMRTHR2cefb,Movie,Marathi,Thriller,120
CJSMMRTHR46269,Movie,Marathi,Thriller,120
CJSMMRTHR87c96,Movie,Marathi,Thriller,120
CJSMPUACT9b41f,Movie,Punjabi,Action,120
CJSMPUADVc21f3,Movie,Punjabi,Adventure,120
CJSMPUCOMbc03b,Movie,Punjabi,Comedy,120
CJSMPUDRA0154c,Movie,Punjabi,Drama,120
CJSMPUDRA9c88f,Movie,Punjabi,Drama,120
CJSMTAACT0077a,Movie,Tamil,Action,120
CJSMTAACT1004c,Movie,Tamil,Action,120
CJSMTAACT1678f,Movie,Tamil,Action,120
CJSMTAACT1bb4a,Movie,Tamil,Action,120
CJSMTAACT35a7f,Movie,Tamil,Action,120
CJSMTAACT904c8,Movie,Tamil,Action,120
CJSMTAACT93a9e,Movie,Tamil,Action,120
CJSMTAACT9f40a,Movie,Tamil,Action,120
CJSMTAACTd3576,Movie,Tamil,Action,120
CJSMTAACTd4511,Movie,Tamil,Action,120
CJSMTAACTe140b,Movie,Tamil,Action,120
CJSMTAACTe4731,Movie,Tamil,Action,120
CJSMTAACTef15e,Movie,Tamil,Action,120
CJSMTAACTf847f,Movie,Tamil,Action,120
CJSMTAACTf8715,Movie,Tamil,Action,120
CJSMTAADV6e6a2,Movie,Tamil,Adventure,120
CJSMTACOM091ec,Movie,Tamil,Comedy,120
CJSMTACOM0b912,Movie,Tamil,Comedy,120
CJSMTACOM339de,Movie,Tamil,Comedy,120
CJSMTACOM4e811,Movie,Tamil,Comedy,120
CJSMTACOM69b39,Movie,Tamil,Comedy,120
CJSMTACOM86b02,Movie,Tamil,Comedy,120
CJSMTACOMa70cc,Movie,Tamil,Comedy,120
CJSMTADRA1b5b7,Movie,Tamil,Drama,120
CJSMTADRA25f2d,Movie,Tamil,Drama,120
CJSMTADRA2c65b,Movie,Tamil,Drama,120
CJSMTADRA55ad9,Movie,Tamil,Drama,120
CJSMTADRA60658,Movie,Tamil,Drama,120
CJSMTADRA6a7bb,Movie,Tamil,Drama,120
CJSMTADRAddd75,Movie,Tamil,Drama,120
CJSMTADRAe2e8d,Movie,Tamil,Drama,120
CJSMTADRAe9bef,Movie,Tamil,Drama,120
CJSMTADRAf6df1,Movie,Tamil,Drama,120
CJSMTAFAN20392,Movie,Tamil,Fantasy,120
CJSMTAFANadbb8,Movie,Tamil,Fantasy,120
CJSMTAROM14433,Movie,Tamil,Romance,120
CJSMTAROM2112f,Movie,Tamil,Romance,120
CJSMTAROM3d639,Movie,Tamil,Romance,120
CJSMTAROM41005,Movie,Tamil,Romance,120
CJSMTAROM493ce,Movie,Tamil,Romance,120
CJSMTAROM849b3,Movie,Tamil,Romance,120
CJSMTAROM8e57a,Movie,Tamil,Romance,120
CJSMTAROMa8923,Movie,Tamil,Romance,120
CJSMTAROMaaaa7,Movie,Tamil,Romance,120
CJSMTASCI51420,Movie,Tamil,Sci-Fi,120
CJSMTASCI86d1f,Movie,Tamil,Sci-Fi,120
CJSMTASCIc0b5d,Movie,Tamil,Sci-Fi,120
CJSMTASCIda92e,Movie,Tamil,Sci-Fi,120
CJSMTATHR3b49d,Movie,Tamil,Thriller,120
CJSMTATHR3b7fc,Movie,Tamil,Thriller,120
CJSMTATHR3b894,Movie,Tamil,Thriller,120
CJSMTATHR802b3,Movie,Tamil,Thriller,120
CJSMTATHR9d2f6,Movie,Tamil,Thriller,120
CJSMTATHRa5414,Movie,Tamil,Thriller,120
CJSMTATHRa9f3c,Movie,Tamil,Thriller,120
CJSMTATHRb9199,Movie,Tamil,Thriller,120
CJSMTEACT14185,Movie,Telugu,Action,120
CJSMTEACT1aa84,Movie,Telugu,Action,120
CJSMTEACT2101a,Movie,Telugu,Action,120
CJSMTEACT42e3f,Movie,Telugu,Action,120
CJSMTEACT43f19,Movie,Telugu,Action,120
CJSMTEACT48781,Movie,Telugu,Action,120
CJSMTEACT6d54b,Movie,Telugu,Action,120
CJSMTEACT7a395,Movie,Telugu,Action,120
CJSMTEACT7c8cd,Movie,Telugu,Action,120
CJSMTEACT7e458,Movie,Telugu,Action,120
CJSMTEACT8c160,Movie,Telugu,Action,120
CJSMTEACT9a05a,Movie,Telugu,Action,120
CJSMTEACT9a320,Movie,Telugu,Action,120
CJSMTEACTc469e,Movie,Telugu,Action,120
CJSMTEACTd23d3,Movie,Telugu,Action,120
CJSMTEADV200f9,Movie,Telugu,Adventure,120
CJSMTECOM0b342,Movie,Telugu,Comedy,120
CJSMTECOM2a3ab,Movie,Telugu,Comedy,120
CJSMTECOMa233f,Movie,Telugu,Comedy,120
CJSMTECOMb6d35,Movie,Telugu,Comedy,120
CJSMTECOMe874e,Movie,Telugu,Comedy,120
CJSMTECOMf9c2d,Movie,Telugu,Comedy,120
CJSMTEDRA3e96b,Movie,Telugu,Drama,120
CJSMTEDRA4be05,Movie,Telugu,Drama,120
CJSMTEDRA62c85,Movie,Telugu,Drama,120
CJSMTEDRA67853,Movie,Telugu,Drama,120
CJSMTEDRA71924,Movie,Telugu,Drama,120
CJSMTEDRA816c4,Movie,Telugu,Drama,120
CJSMTEDRA8b1ae,Movie,Telugu,Drama,120
CJSMTEDRA8cd45,Movie,Telugu,Drama,120
CJSMTEDRAa6fbb,Movie,Telugu,Drama,120
CJSMTEDRAe83af,Movie,Telugu,Drama,120
CJSMTEDRAecfa9,Movie,Telugu,Drama,120
CJSMTEDRAf6325,Movie,Telugu,Drama,120
CJSMTEFAN2cfb8,Movie,Telugu,Fantasy,120
CJSMTEFAN63e51,Movie,Telugu,Fantasy,120
CJSMTEFANcd5e2,Movie,Telugu,Fantasy,120
CJSMTEFANe316e,Movie,Telugu,Fantasy,120
CJSMTEROM05462,Movie,Telugu,Romance,120
CJSMTEROM07d7e,Movie,Telugu,Romance,120
CJSMTEROM150e1,Movie,Telugu,Romance,120
CJSMTEROM50a4c,Movie,Telugu,Romance,120
CJSMTEROM9a15c,Movie,Telugu,Romance,120
CJSMTEROMa726e,Movie,Telugu,Romance,120
CJSMTEROMf9f6f,Movie,Telugu,Romance,120
CJSMTEROMfffe7,Movie,Telugu,Romance,120
CJSMTESCI514bc,Movie,Telugu,Sci-Fi,120
CJSMTESCIc766e,Movie,Telugu,Sci-Fi,120
CJSMTETHR2573c,Movie,Telugu,Thriller,120
CJSMTETHR5125b,Movie,Telugu,Thriller,120
CJSMTETHR57397,Movie,Telugu,Thriller,120
CJSMTETHR58548,Movie,Telugu,Thriller,120
CJSMTETHR89a60,Movie,Telugu,Thriller,120
CJSMTETHRaa0c1,Movie,Telugu,Thriller,120
CJSMTETHRbaf59,Movie,Telugu,Thriller,120
CJSMTETHRffd00,Movie,Telugu,Thriller,120
